ID,Predicted
1,1502.1623113154578
2,240.34973646270328
3,-6383.38980692335
4,96.26057603135314
5,-331.7620733134636
6,1160.470098150066
7,-96.49664162833506
8,-1820.4448733776774
9,-932.9644083034405
10,932.8462421513145
11,-378.6710777279177
12,-810.0264177425211
13,-2365.7542444392857
14,545.7608026132989
15,-7165.512769886205
16,765.4031330358507
17,-1069.0654043455702
18,1276.1242378551592
19,-3307.46476979612
20,-7990.254585400235
21,-5099.027344677202
22,-7224.648437198728
23,923.1350831841442
24,-324.19892852154317
25,740.8088177263685
26,-375.78600593331566
27,856.7913243411754
28,601.7665615541773
29,-2672.863882969316
30,684.5509294500521
31,-27023.55323670224
32,1373.8697740830999
33,1573.5326657768805
34,917.426410202333
35,546.96209863378
36,828.027820886869
37,131.7858696880794
38,2123.447108898484
39,529.8583320753937
40,-2417.1737155407627
41,1688.15755034323
42,-6750.1761412439555
43,-47.913729327749934
44,-2031.5992051833005
45,1350.24842751403
46,-6478.033414948819
47,1912.7601279484156
48,-7219.493168297022
49,135.09874494041833
50,-3700.8632735990927
51,-524.467522358023
52,-68.76487055047846
53,1385.3152729966619
54,196.45662767292106
55,-1285.6181048342592
56,-9716.588686531952
57,-1013.4260529903586
58,3220.1984772071532
59,1192.6926284030947
60,788.4423025759365
61,-8832.49802842792
62,-1042.2788028962182
63,-2532.657398470218
64,-2430.9020951659486
65,-1333.263828344207
66,357.8175084094378
67,-305.15585282809434
68,1370.8494060965227
69,374.39162475480225
70,-31242.71025309081
71,-7671.979088831606
72,1595.0901046440554
73,-341.82190471480953
74,-1133.3956408516365
75,-366.14428764178774
76,-1075.4342509142957
77,-54.86531224444752
78,-303.9607961944844
79,-382.19665109563994
80,1121.3818098885
81,-542.7039036937226
82,1227.4779543926893
83,227.46331786180326
84,-1143.9029734524784
85,-749.4273125048312
86,-23979.497377469663
87,-2726.077796726434
88,-130.0988226089944
89,234.7055091495522
90,1248.2277029947668
91,-622.7808607692909
92,-23980.170398636586
93,1263.0426866715802
94,-7465.996062210204
95,99.53478004418821
96,-347.06068431659287
97,-1599.7486259598998
98,-236.14338182420443
99,-579.9875562565803
100,-2492.9120834692358
101,-237.50878511427481
102,-1419.6141885142652
103,1158.6483757058363
104,425.77779742262874
105,1031.2889249024024
106,249.7146296799342
107,-9988.23396534836
108,-313.8355060736658
109,472.78653137947776
110,-2500.8377511135495
111,180.92213987138211
112,361.6133190923183
113,144.25147386284243
114,-1406.382471621837
115,512.6622664987699
116,1606.125595159377
117,955.3409085759045
118,1090.0435594188707
119,-4917.012784103243
120,433.8430264714898
121,-6198.309540212516
122,-21003.190844849265
123,-46.66711702675093
124,-10168.803829206337
125,293.4387368438188
126,-1.589320053546544
127,-1919.8076587245876
128,-10322.747611261171
129,-2566.9553401023395
130,-717.575001434026
131,-12442.690600609343
132,1484.7219224246905
133,-3985.4196008958033
134,878.1662544392261
135,-1075.7585290775182
136,-5461.482931511093
137,-881.082707642332
138,644.667361950706
139,-9658.523457423207
140,71.28059419140664
141,-1271.963845695047
142,-870.6090957149218
143,286.2161790225159
144,-3988.825175996944
145,768.7652992831459
146,4398.3156655474995
147,-7267.027490850163
148,-2975.58765293543
149,-380.95628847511534
150,-20410.861017401818
151,1093.8074335738806
152,-348.87401671267116
153,-839.1585744883487
154,101.92907133697372
155,-525.5041793118799
156,-985.5466295776296
157,-15234.108936299708
158,-214.37119819260215
159,47.69416090810955
160,66.86549314151262
161,-3516.319774716987
162,-8344.682497301104
163,-354.50032644785415
164,486.92392536235093
165,-11377.166395903068
166,328.26833419839113
167,-1195.6190753823034
168,-1628.6800003033982
169,-405.73641270872577
170,-1551.5609406555282
171,-636.0298253358806
172,2207.626431171006
173,-5297.266835174392
174,588.0406006298954
175,-1529.5741307692192
176,1161.3284652387106
177,-761.6746488510885
178,-5940.572409813759
179,-18.350781360665678
180,-2237.9781671050023
181,-1724.0281444767777
182,-307.04942852793056
183,-529.0725908189052
184,-1918.3918550017158
185,-142.43407218647553
186,-1824.0585467967908
187,1005.3746806198701
188,60.4002124833446
189,-1151.3961188555913
190,422.4440211364076
191,-8079.545667973538
192,144.47119394039873
193,-1686.7790605692107
194,-625.4159559690429
195,-1727.9475832767823
196,-5690.725664074762
197,122.97330223586596
198,1020.1698269639687
199,-4903.853422963434
200,-1318.7917110296744
201,194.5926897702775
202,-603.312228444257
203,-31945.21910512217
204,-205.42271823519923
205,-9473.058839142079
206,734.179968898849
207,-1446.9827334551214
208,18.91957106126256
209,-57.277731198911624
210,-258.0617883592254
211,12.066022116413478
212,403.31277446822514
213,-28092.210594448272
214,-8692.332495057217
215,1531.2522284439597
216,-395.5521573897895
217,383.6200036362561
218,-115.18640573527045
219,2116.856290186514
220,-163.93911800178148
221,2.209647971213599
222,-13135.538302550283
223,-26543.457481442554
224,-891.0519441228803
225,865.2774807502715
226,-691.591138638536
227,461.9855548882251
228,226.57448182052258
229,-679.4559077886133
230,918.1923878488774
231,-125.75087007993352
232,-5241.568722976183
233,-40.743468079092054
234,-136.8076874448252
235,-4135.851979270514
236,-10080.551531652469
237,-365.12162287985075
238,-4028.949262613595
239,-850.7013961239741
240,539.708915958156
241,564.0267544192316
242,-4451.693994587989
243,-12782.091950010154
244,-2469.7821891321755
245,-925.3624230857627
246,-755.2036913171273
247,-780.4206807332603
248,-1890.9964875311177
249,-903.8213436400383
250,-3510.675175476189
251,-1425.7291651272424
252,889.0074421384556
253,-5552.358295928694
254,-3328.815729028884
255,-428.0427050802673
256,-6071.041988959506
257,-804.3636451909019
258,-828.3779445826899
259,-840.2596968460771
260,-862.8309637112393
261,-3488.4402812950157
262,762.9645885674413
263,-2019.341115461699
264,-1459.9241489313874
265,-8304.710784319102
266,-7104.385886819844
267,-8515.13276685365
268,-1048.627105570632
269,803.8032274828215
270,-6653.649375556313
271,-1662.947482431634
272,-3417.9650631785303
273,-958.9917632308056
274,289.97308807695435
275,473.4465504393356
276,-4191.58671258201
277,-585.5125428745637
278,-1296.2398942910613
279,-653.1619268973759
280,-2232.0218975641524
281,-1855.1588367166926
282,-7408.607533252339
283,1139.1110484701053
284,-7279.961373332204
285,-7944.59059018621
286,-4581.787021805083
287,1712.8009554050964
288,-519.2399502029425
289,876.7312550925776
290,711.2645389814893
291,874.6360943355653
292,-88.69887857003005
293,-718.7350303931184
294,-847.4332159026144
295,-184.54655909721214
296,-218.157158107565
297,338.7859815749548
298,-355.9870023761955
299,91.96635023820363
300,-967.705172718825
301,-349.55670330519024
302,-555.7724108122661
303,-619.3502002956807
304,-12335.662253343988
305,-958.2560499126857
306,-324.20693689661994
307,-5174.903681549965
308,-524.7289821762861
309,-728.1150405792096
310,-572.7711442688119
311,1267.5671145447009
312,-312.39090347523916
313,-6854.237052809874
314,315.5240670733715
315,-1243.8451041589096
316,-856.5878258619755
317,754.6047309637729
318,-637.8271400856543
319,75.49601945136465
320,-751.5558021899674
321,-425.48737957648154
322,-951.8403136947436
323,-1404.0608778495427
324,-3093.950043043654
325,-820.4699451767251
326,385.16653556496294
327,650.0493577849415
328,-3424.0675172497063
329,-401.9257301002158
330,-18612.907969446303
331,-8988.176885421592
332,-379.8899040523761
333,-0.5058548961064844
334,2182.644030480564
335,-379.6110611028748
336,-7398.954146948874
337,-837.5584739461283
338,-473.7620821955288
339,-10325.664549882838
340,246.92063895219326
341,-4594.50804779523
342,-2127.983861388745
343,274.0891396756615
344,-1240.1208919997953
345,1711.5072758580523
346,-6493.712276262152
347,-1025.0566124734364
348,-554.0841550789241
349,-5671.196353816966
350,-1377.7404415832957
351,977.5852344324817
352,-1144.5429192539295
353,17.931750758693852
354,834.437186544747
355,-1215.302666490902
356,-3267.6821040941277
357,-93.1005370056746
358,-92.23413254439356
359,888.8229599197216
360,-66.52780723757041
361,-3128.962009062729
362,-327.64595609113303
363,-90.77291197731665
364,-1723.7343928403764
365,-1130.328758233794
366,-8614.51456729788
367,223.8212129058643
368,-7186.584991864856
369,-253.43196992799676
370,614.1518076160514
371,-309.68416880122777
372,-48.30576345666168
373,89.980603873983
374,-5611.221411638959
375,729.4617083797434
376,-650.5000930198116
377,-1348.7942732459373
378,-4278.272150133678
379,-5955.772984829602
380,-1459.6616100627987
381,34.13969944573546
382,47.15102673748606
383,-2061.7129414109545
384,330.6730419655737
385,-181.73842542509783
386,-6293.996679766456
387,-3508.39130806831
388,974.9279653470808
389,-2038.138386814787
390,-1737.9227606867435
391,36.36025756682557
392,-3291.426232870181
393,115.01471238729346
394,-14344.177151179085
395,-6387.98850348448
396,249.55383320116243
397,-953.5145956549345
398,294.3959452756635
399,-3992.34511183562
400,-1489.6764745374235
401,-222.46314172306302
402,1750.3848591553883
403,-246.28285986960782
404,-218.15302865592366
405,-621.2543685376177
406,410.6576661934346
407,-137.2737602079137
408,40.580917961277464
409,-389.63844336991133
410,2.2509682805998636
411,1062.3893401095615
412,1132.086047897848
413,347.5624240779589
414,-6380.524087658465
415,-2016.237504372185
416,61.667730556243896
417,147.99719914026946
418,35.155670065833874
419,-1080.3059783227309
420,372.9478064139171
421,1066.4328246911477
422,-2146.180266379927
423,-4404.384929890953
424,-1081.7537774552643
425,-1363.200992656431
426,1024.5349333571644
427,96.02937832336693
428,-98.79046284509195
429,2031.922001235455
430,-1256.6037844665648
431,2195.0516653643567
432,-231.0720122088187
433,474.49821055001166
434,-205.36636053127586
435,-3078.65876111015
436,-7978.211737113048
437,-67.77530707339747
438,-1.9137275174775823
439,-17713.509761545047
440,-985.5268626549996
441,-284.15141633418807
442,979.4786314867792
443,2342.6530735784386
444,-215.01606180385625
445,-6694.141699389688
446,-531.7066437373942
447,-670.9574310595785
448,781.8431135033875
449,463.8335997735512
450,-707.7352674451517
451,-3372.7283500416033
452,-685.8962693246649
453,-1068.0224908098626
454,1311.7686850047662
455,-310.5487017586356
456,-2431.814753003212
457,-920.6501532763909
458,576.4301339399913
459,-35.80443658322338
460,-3973.884859467401
461,250.32213255080796
462,987.4714011059827
463,-4701.878213679199
464,-11041.936553200363
465,-249.0411940209433
466,-323.88849833752283
467,1183.0622458349267
468,1239.9969200271466
469,-11415.807031473361
470,-598.7372184327974
471,-260.7275764406213
472,936.5892908385845
473,-9289.682958749576
474,2435.474579506654
475,-2301.207009115885
476,-285.7024250145719
477,716.0603532466052
478,1011.2606596399387
479,293.2985907175421
480,575.2612307347167
481,-291.1397113218941
482,-12646.057666053572
483,749.5586881797994
484,817.9995751896372
485,-5875.287100646084
486,-528.6881410958076
487,255.55367978486584
488,-68.94216849522991
489,845.7835267385312
490,488.12688135072585
491,-4.555313280708106
492,-1124.128271220683
493,-9659.734079993546
494,-7440.505615041877
495,-12728.6355107182
496,-1740.019599148237
497,-496.52923169086125
498,-58.887094624788006
499,315.6052434710291
500,2069.737708454794
501,-13437.294044244209
502,-8155.04333787985
503,656.1139741755296
504,-1559.1022814572332
505,-479.03482091483465
506,-9425.94485998337
507,1018.8557890810785
508,-422.6353834965248
509,130.49875390745638
510,217.38497139655647
511,-261.9033968303597
512,-13512.8884237142
513,-415.57799399409396
514,1193.154324756429
515,296.1359908504992
516,706.3471596892309
517,-685.6314999200958
518,-842.544765362426
519,1963.557242217023
520,-874.6428468108397
521,546.7842546757115
522,135.0090245241695
523,233.40378676305727
524,-4996.4909871033005
525,107.5714777459757
526,-2868.5460634216297
527,-1440.173242867822
528,-815.1861788694378
529,-1601.5219179288133
530,-419.38841458376555
531,-90.85854096729145
532,-6597.934145825888
533,-1102.200531539284
534,-684.7775695759055
535,-38.60018842691579
536,-1687.4079504548415
537,244.92930961838465
538,-29510.742001705898
539,-4743.553150840301
540,-615.9247484973771
541,-6564.613493678251
542,-1234.328268352945
543,-196.23895816965842
544,292.64740354751757
545,990.6874625031455
546,121.23785832252088
547,-3465.583219101363
548,-827.9492311969252
549,-707.03780777064
550,-300.4296010795838
551,-680.913261032244
552,481.5157723583002
553,-1063.7042605936736
554,-1188.2331669605542
555,-314.2769988922428
556,-4521.639410334641
557,447.1046088910357
558,-706.8908867918781
559,-54.564441579103004
560,162.98780305449372
561,-1633.1317083530212
562,-1677.5187484717935
563,-2366.335694237875
564,-6157.852083705515
565,-15838.798718257758
566,-6406.748792853035
567,288.7684831779752
568,-576.5871988375197
569,-485.6456056047564
570,-143.57469445247034
571,-5343.844032986392
572,891.4851035459483
573,-12155.849184354334
574,-318.246095990356
575,-219.80922709443712
576,-581.3458338050145
577,647.9803055860657
578,-17797.23981436535
579,-1156.5306277395457
580,547.711869290185
581,-870.6378264359823
582,-3927.519541155047
583,283.61906308849757
584,-8773.350680713496
585,-5525.0436461846075
586,-4390.033613802922
587,-561.2910845438605
588,-84.44385089344632
589,338.34870137737653
590,-110.908804389323
591,-13479.790659562124
592,80.44052610595145
593,-768.580438242017
594,-5056.281940028921
595,6.007830964434106
596,-4541.721414078429
597,-569.9573926964026
598,286.1578320065237
599,-93.54313274309061
600,-10295.084508105598
601,976.0252655228928
602,-1473.5990335941972
603,284.40611023341035
604,1177.3005419802607
605,-885.1713369312397
606,-317.99190176280445
607,-407.50009912894075
608,1457.9095995748435
609,-894.813443238203
610,-161.64496245615737
611,-629.3799503501396
612,-361.49859034870497
613,-1411.219430992196
614,1419.7761836960676
615,32.029025422061295
616,-4761.477343790613
617,1004.6349460337728
618,-5957.718093775578
619,-17571.29334410759
620,-2511.3609427562933
621,-640.1742564309852
622,947.0312259396264
623,533.3554911140109
624,668.098730761642
625,1268.1642336344335
626,-647.800682764841
627,-383.39677157718415
628,471.9462729564452
629,-6334.736938806163
630,-4980.979897382456
631,246.29473500605673
632,1482.9788724745545
633,-8.448011677321574
634,-430.50981013867977
635,974.9934737904955
636,-9667.063517044004
637,-1706.0498629319898
638,-7839.84462189805
639,61.13959582520738
640,-449.8051106759772
641,-21776.947264885508
642,-14610.184859289597
643,-472.25093206387965
644,-250.33944501195856
645,1385.52535340048
646,-400.76531342962926
647,-130.69492347301775
648,438.67493266247493
649,1811.3224032413477
650,432.07927419428415
651,558.78814682129
652,-1631.8250342016445
653,-481.61395484496734
654,-5963.475428994992
655,-14299.382031921852
656,-32966.637069832286
657,843.8703213968561
658,3075.617647176951
659,406.0277411618317
660,-191.01881415938033
661,-1275.6209986740914
662,335.6580706717955
663,-2713.6669483445153
664,603.8615837798857
665,-9223.836200558926
666,-496.8061330004757
667,-64.37900771011664
668,703.7843837897994
669,-5621.277386705415
670,-8833.590154059164
671,-10224.643001516914
672,653.385023954108
673,467.84658208080145
674,-3239.0203873075234
675,-1138.2236779531777
676,715.7559551972859
677,241.32245094051905
678,-7028.157870303105
679,-1124.651081768713
680,-548.4463326731288
681,-1378.209805569378
682,-516.256473807332
683,-895.3104111066891
684,-8843.027282340863
685,-8059.402632037136
686,1608.8513697325257
687,-437.4977352030487
688,-1300.4164741177774
689,-63.02167787225335
690,1091.7817996055824
691,124.90890067776036
692,-1620.4076559929595
693,-29212.62188319997
694,-19694.522136887103
695,-15208.475741354981
696,-1100.5777545080173
697,840.5994564338848
698,120.72904432282121
699,-214.28925197785702
700,-692.8585879068974
701,-681.9447487997086
702,-449.42981539401353
703,-144.15552382674423
704,1864.981157847215
705,938.2894840068952
706,-4253.219305743943
707,-2185.7735700027033
708,-709.2257341701988
709,-851.217695976467
710,-19559.689022865787
711,784.0375129944518
712,-19023.322631728937
713,-474.99242012014474
714,-490.740858389358
715,1641.3645035324248
716,-808.7841378005742
717,-621.4198482336428
718,-21.03056420783423
719,-4355.784134598441
720,746.01432366690506
721,-1349.6307944537207
722,-429.6568241437317
723,-817.189509182414
724,1360.7009582358519
725,1560.8401710021221
726,-10121.48886300674
727,-1680.9718284444116
728,977.7878253601943
729,-231.62317309928812
730,-1706.9639507130823
731,225.78641719562302
732,-1275.3595308807267
733,819.6618561818364
734,-680.4930086008912
735,-188.39706651257484
736,-13885.28301071158
737,-1352.6445055134777
738,1010.7814979448499
739,412.5278981925949
740,-800.1431247144901
741,380.9753032625813
742,32.17457193578866
743,-15495.516019161387
744,-552.7934354966842
745,909.2627883793643
746,-724.6362524599954
747,-6036.747356628336
748,1785.5790953655446
749,-2285.0644670100874
750,-999.2997947571102
751,-1787.3511250435474
752,-7269.082971037562
753,-2251.657378101005
754,-555.6463538117141
755,163.9232570782624
756,295.1032247562466
757,651.7415659603221
758,-1468.2664214444078
759,6.354601201916012
760,-777.3043725421762
761,-274.62078653453136
762,-1000.4401431098622
763,-85.01923674611271
764,-1121.9924827243108
765,-427.03685259499616
766,-146.81189360468852
767,-707.1411766797514
768,821.3526497321668
769,-9918.30682040936
770,-995.2496855613458
771,-628.0694447253159
772,-12830.37960847678
773,-190.12737282486933
774,-2843.149911848567
775,-9761.682400762504
776,388.552677832045
777,-5775.187279416179
778,-189.16661844268128
779,-51.2637745092843
780,-183.9912421604481
781,239.62425336358456
782,453.60211166525414
783,-635.2579763320236
784,1754.7771071056118
785,775.6183509626194
786,235.56968244227392
787,-653.8857934363473
788,-1303.2496100363655
789,84.4722462375671
790,339.5686189788471
791,-17894.102159090675
792,150.96140093702388
793,-2067.7106884704053
794,-1572.3467484437363
795,885.2711457818673
796,-11058.244425720957
797,-7625.210456630257
798,-817.9048265122433
799,-3246.624890056565
800,-1221.3615870898084
801,-8702.564802269406
802,748.8579934508812
803,-1747.260982846261
804,-1068.6577693150243
805,-1310.9138145853253
806,-16249.332314174673
807,-582.399950690241
808,-467.38358016320717
809,-460.5250945723583
810,-534.4925928317966
811,-5498.951243983728
812,-647.2652428617284
813,-8.493969687071512
814,-14558.48003835883
815,-1772.8642293225623
816,-5164.52382629561
817,395.6177978692508
818,1167.664288372573
819,-16838.59993535084
820,-2150.092604685984
821,227.28691803731272
822,-15937.738203376788
823,-1292.6142868699899
824,-408.3042600914091
825,-364.3627226087583
826,-30804.069403700916
827,-613.8019478496703
828,261.9400256796748
829,1234.9869422149218
830,130.59442213079228
831,-780.55464619435
832,418.7439798906162
833,-277.74444045279324
834,874.7275833758445
835,-39.69645159510719
836,9.771044878948487
837,2251.399069447209
838,-1135.174329494826
839,-13516.46644846074
840,191.41995781287687
841,-180.91400285226837
842,-2907.449331232327
843,-1962.1953078244019
844,-566.1755588062147
845,1239.0410001744717
846,-2742.611912297274
847,-107.22638831152244
848,-186.90287761887657
849,-163.86977615604246
850,125.54532554739035
851,-89.14457312784725
852,1119.975629740547
853,-1302.3904475032195
854,509.7943057619327
855,-19457.07533685798
856,-2473.396505853382
857,-1975.3065892214559
858,-11636.51429980365
859,-1163.814302549993
860,-6747.79466444211
861,2326.0682242469306
862,291.84551484630947
863,502.81162194919943
864,883.5276694557256
865,-1591.7637991109675
866,-8370.803920462764
867,259.9368735812427
868,-1132.1014992276478
869,-1465.6300283140945
870,-1414.0761509942045
871,-1079.0563141421849
872,-880.8570429246583
873,170.56564017744358
874,213.5766401105925
875,-358.6559996984829
876,-965.3343845871764
877,-411.67441367333277
878,1331.8611871209355
879,369.80816417944334
880,-911.5160800089752
881,393.4941189523911
882,892.8376629656582
883,-3303.2673108592658
884,-8258.312412369889
885,-4377.754110493478
886,308.7818192766749
887,-12783.765979864536
888,-1013.634641648167
889,-668.1216927454088
890,1218.8742607306554
891,666.7948049459151
892,-6590.92731585354
893,1824.2074016161464
894,-6885.084092137666
895,500.1464107617303
896,976.9416988564121
897,2323.7984876314936
898,-4150.926723793478
899,218.09916477839533
900,-4310.840892864833
901,-4349.135101018842
902,924.145850391154
903,17.218324533775103
904,-913.4690327734006
905,-462.22087337543326
906,467.1368916861902
907,-1156.3652229031509
908,-2565.559170742078
909,121.46036645050026
910,-560.1910578601228
911,-115.24142155617983
912,-7612.065904776417
913,246.91020209867975
914,-640.5649387869303
915,-313.82486504457984
916,-2463.9335724735465
917,-268.1037587593569
918,38.35614322823858
919,265.35291356340895
920,-16421.918006556712
921,-557.1740171068673
922,-408.20802165065743
923,-5809.790517328331
924,527.4930540073319
925,-331.6789236595073
926,-276.2036985926311
927,-471.7692813057233
928,-6298.047009307109
929,-1343.6408000461543
930,-3038.3318530423503
931,-17092.559282174854
932,-406.129617320581
933,174.86528935960905
934,-21881.17474278591
935,-5533.578076769954
936,-2998.039962142508
937,-5913.2121305400815
938,-398.26045722689514
939,-619.4173870694231
940,-7585.631836866143
941,1190.1928919160696
942,-8909.043573156943
943,-6731.888579352291
944,-315.6391377941127
945,-390.38696124959915
946,22.299292314791728
947,-2937.0936910202113
948,901.9141662709394
949,-14555.54829208051
950,-180.8710819785938
951,278.29232400515184
952,1265.0354834176592
953,182.3614176375513
954,-17698.985338267696
955,-299.4403532166716
956,1503.5752579453779
957,181.7376662978395
958,-185.89531962232786
959,-1079.2522467548574
960,1193.4088415693645
961,-551.7694844162102
962,-406.208862161488
963,-13.484942205610878
964,-784.9972774961984
965,106.97994721209125
966,-370.3954945074215
967,-1289.2156760358612
968,878.7213295263841
969,-18192.26067905566
970,179.17857194842918
971,1267.7359296927048
972,546.8601991976775
973,374.17251729979307
974,5.0610831715839595
975,-2013.6423514351386
976,-1551.0691703623672
977,-246.38563302900457
978,-655.8823877405348
979,-18680.604027637586
980,-4629.157158703958
981,-118.52896046881278
982,-6327.7223931903745
983,-4877.799930188551
984,572.9224789757764
985,412.9646538500947
986,-677.9156346693562
987,-10711.292547045034
988,-2030.9099347246133
989,305.9579963355677
990,-526.3995932247212
991,481.1922756611825
992,-18718.730603312648
993,298.8364016654705
994,-746.2280175095225
995,-540.3104370666492
996,181.60769014470497
997,-14.448970119595742
998,-950.3249532881669
999,444.37339482000334
1000,258.11270844864566
1001,1341.9009128166058
1002,-5333.388891523977
1003,2216.7279980589296
1004,-791.7981585448815
1005,1871.0767422792264
1006,557.6561379962818
1007,217.2031675891003
1008,-3453.972233760957
1009,377.93301901448785
1010,419.1859431447042
1011,-456.4823004089026
1012,1037.186430825172
1013,-307.401442689501
1014,-6378.852996912796
1015,-17.561481387916956
1016,-101.21281837120523
1017,324.1493167453882
1018,-2236.2507929150565
1019,-48.79276410316834
1020,-242.8556894280423
1021,860.4710875448031
1022,-191.76118672645407
1023,977.8197467353771
1024,480.82060970924385
1025,1129.374671546418
1026,89.46010212261763
1027,117.97970685323389
1028,-46.71347807781103
1029,-1548.47814803731
1030,-161.3599180402971
1031,804.2028646155536
1032,-1440.2930458839596
1033,-21485.417538896432
1034,456.33003619188
1035,929.8144041205865
1036,1355.9148262785989
1037,-971.2401489375993
1038,605.3900293133811
1039,-13183.667845675973
1040,-86.64449460106789
1041,-14781.736993641334
1042,145.4937934489799
1043,-1428.6368975790779
1044,-16806.159037954625
1045,45.03397015759538
1046,-807.2480102072482
1047,-8238.302664268458
1048,552.3934392184883
1049,87.14636760997564
1050,37.912639136276994
1051,-1319.5178930745747
1052,-10467.280581345849
1053,179.85230262799087
1054,-267.0955309421779
1055,444.71407468403277
1056,-936.2388797179415
1057,-620.4845003649634
1058,-1769.4793615298124
1059,262.18355723513923
1060,611.7424985214257
1061,368.7536884384913
1062,-257.28528990921814
1063,-3069.359633512997
1064,28.984130325459773
1065,184.056427118559
1066,-1265.1974476976475
1067,-4310.113238770567
1068,988.5393679424128
1069,-575.4282394234256
1070,1550.6691794415306
1071,-80.32500705619532
1072,-1251.611890779951
1073,-2076.0627360545495
1074,-3395.8930740687065
1075,-1506.6587769080134
1076,-1062.5895419397639
1077,-10599.709116843473
1078,-18.85667511153406
1079,6.6810627312024735
1080,-1672.445781533135
1081,-1902.9909494006201
1082,304.32943340304746
1083,-788.2974623539762
1084,-552.042617140814
1085,-280.95069737819085
1086,-10940.104910390042
1087,906.3740247251139
1088,653.1531697942805
1089,-455.1067109219166
1090,-3408.138706548121
1091,-5.468635194497892
1092,-1556.2109511131048
1093,-716.0588086095481
1094,-639.5854312322931
1095,-442.3449642507944
1096,-221.49451938066704
1097,-3559.956059114231
1098,445.37612716680997
1099,-453.6725588061013
1100,-476.75294488203826
1101,-996.1690248514801
1102,-783.0696199941044
1103,-13566.802274134796
1104,-66.18688164492596
1105,-158.3044431025919
1106,-10334.326467115123
1107,-3955.960317965956
1108,463.29598569494146
1109,-1901.3593653097055
1110,442.9219814030139
1111,2528.3349170411043
1112,-4994.798188761119
1113,-8185.479932707944
1114,-4808.5558946908295
1115,441.47198467874387
1116,-254.13492810594016
1117,-1931.8045046957452
1118,-573.9541908100923
1119,-2134.479391292685
1120,899.8557755895849
1121,-16956.73199317132
1122,-448.2012973211031
1123,-761.2222824489108
1124,-5943.416999165525
1125,-2624.1741353277303
1126,-940.4715900121382
1127,-228.47101139615916
1128,-6310.985987823529
1129,-1204.4077246266397
1130,-41.089784125105325
1131,622.4278614461173
1132,319.4591621668915
1133,-791.4677457310513
1134,-11.370607541716709
1135,-126.68001556603622
1136,-1632.103120961329
1137,450.9802558098154
1138,-9995.987150738229
1139,-6005.717962739322
1140,-4663.65705693048
1141,51.29238090193121
1142,-3946.8120514743955
1143,-262.1598783684876
1144,1520.4042311862427
1145,345.014416416755
1146,1731.0020974854556
1147,-578.1143808031811
1148,-636.6706558648998
1149,-1839.6035920977806
1150,-930.9874445096275
1151,-2176.3749642390494
1152,-389.9915348329255
1153,-1055.3059076263949
1154,-89.33857703427293
1155,2486.8425340191893
1156,-387.7021492485096
1157,-1975.3604992444245
1158,-2107.309927649715
1159,-845.168907732359
1160,61.862359052171996
1161,-10604.192051491103
1162,-4058.749730816614
1163,92.77707301301461
1164,-677.0114864656061
1165,-118.48905531896844
1166,-2999.2078794184454
1167,-1416.4087196318362
1168,-196.66104773056804
1169,-5107.49355102279
1170,-1511.3506908441734
1171,-124.10759485280232
1172,-4474.1308812540965
1173,787.1747485984056
1174,-729.4182983596788
1175,545.9312726221933
1176,-410.7289089836381
1177,-23796.959067979595
1178,-6628.9535415647215
1179,-15487.20015182474
1180,-4202.306924079443
1181,-1730.4057170526585
1182,-855.8054952518205
1183,-4118.096664520917
1184,-914.9684311154106
1185,-5118.00075699538
1186,-57.060344752836045
1187,267.0525221675298
1188,-8782.965264135264
1189,-584.7719666667299
1190,525.0861510106042
1191,-6488.0692326501885
1192,-628.261413118697
1193,-1011.9739903135619
1194,-494.7511846173211
1195,-370.8801212925423
1196,-4895.696341011739
1197,794.3088700886433
1198,-502.8166702988583
1199,-3470.930355149058
1200,-1507.5623633572989
1201,749.4725541493021
1202,-1443.4319927547729
1203,-562.7909072122384
1204,-5164.718438414917
1205,-1390.285523041369
1206,-1409.5358042743421
1207,160.1237777553879
1208,-562.897313164533
1209,1712.1078316052976
1210,-547.2709832042142
1211,-3086.61689006019
1212,-544.5669237767625
1213,-1252.6582724363666
1214,-1114.665136634991
1215,585.3380226936083
1216,-17579.191363333062
1217,-2206.4072824706827
1218,-1559.5169443143
1219,-1363.1792462402163
1220,-1813.7419648275234
1221,-220.27681640792753
1222,-2083.967037856651
1223,-1140.625243499635
1224,-4037.3263845498777
1225,192.622387110227
1226,-10257.156945000539
1227,341.20694971138346
1228,-15758.911669596078
1229,-2506.978993837196
1230,-466.43449706118236
1231,1181.2168154547967
1232,-770.7949476888193
1233,-1330.434013762655
1234,-3578.7423150880118
1235,-1240.6387271872904
1236,-623.5697652246113
1237,-546.5270963008247
1238,-966.7930244268614
1239,-1983.6545700965305
1240,-1156.3742437191304
1241,631.9239262741976
1242,-284.2015639623919
1243,208.0608433659313
1244,55.70077633496521
1245,-68.63537234525074
1246,-392.45227490424804
1247,900.1838301106859
1248,767.566731830701
1249,260.3666062520592
1250,-2831.796203722433
1251,-16096.999329429458
1252,-490.8917910473556
1253,1425.3399872575933
1254,1231.8280272761035
1255,-1839.6341781259941
1256,-1935.045558281927
1257,1540.6725203178544
1258,-11801.244884515083
1259,-24562.305362769865
1260,-27686.397392511913
1261,-6473.279093431491
1262,321.3155618031433
1263,-25517.655432604755
1264,-1005.5552191017841
1265,-297.9073762410567
1266,-2366.542744799807
1267,-230.77477917182205
1268,-440.59955680973326
1269,694.0032823216447
1270,-333.7249146186273
1271,-265.2562080930488
1272,1069.4883754680773
1273,-613.1183975438703
1274,-17687.09423743608
1275,1178.9821995313582
1276,-637.8222604534785
1277,1398.7979380908805
1278,-1719.3688819410238
1279,-7519.781113514728
1280,607.9105398807378
1281,2358.2960344174558
1282,-15416.907331738163
1283,217.02884679150839
1284,788.8594066347782
1285,85.59761673580715
1286,-59.37333605630738
1287,-7557.508676842421
1288,346.6998308373559
1289,-546.4715209320225
1290,-1176.252861029096
1291,-2048.9111618525817
1292,168.37523559639658
1293,114.80750220910932
1294,819.1453356914476
1295,-2092.0896606916804
1296,141.8944286278911
1297,-384.2882236004434
1298,5.15397990622796
1299,-4223.014598365385
1300,-3245.5934705412324
1301,-3632.560732213631
1302,-1068.6201445473284
1303,387.38772340522564
1304,-293.15681544600466
1305,-1152.5985985425282
1306,249.58653714001593
1307,861.7777611124989
1308,-2011.5435002602528
1309,1399.8728887376851
1310,-855.845486244491
1311,1663.3245020360914
1312,-1211.6710349030845
1313,-19995.3048030906
1314,-558.3859800826604
1315,-147.59967509220132
1316,-631.5573815427492
1317,878.0652921243059
1318,-14744.427438287443
1319,564.5264590127808
1320,404.39969639168976
1321,-21770.018157779792
1322,-493.5665448453774
1323,148.8305876453819
1324,876.7865886665991
1325,833.5862690946838
1326,25.02907514645176
1327,-1439.6881875557065
1328,-4640.23800759068
1329,-1186.8658650458374
1330,-774.8161172185246
1331,-833.130868981495
1332,-272.65331896988073
1333,-761.150097191738
1334,56.116594060132684
1335,-462.7178968392823
1336,-23.349082376972547
1337,-6589.701653499071
1338,553.5591290634079
1339,-656.9234377696112
1340,176.34078743974578
1341,-93.84053692506768
1342,-464.1910434348815
1343,-13042.952648233477
1344,675.0760093767021
1345,-12849.770404342107
1346,78.46932132776192
1347,794.483451859272
1348,690.596423808985
1349,-9189.824339835424
1350,-245.08771839533847
1351,117.01248856857137
1352,-15083.083808577918
1353,-1140.7690668150226
1354,-1047.5359748032552
1355,-715.6263153304476
1356,-338.3395819639886
1357,-850.2607614592448
1358,-11800.30037453047
1359,2023.9731989091583
1360,-12244.412415532968
1361,1150.7801538448352
1362,-2953.673966517465
1363,-160.116555203605
1364,-274.1214210991625
1365,504.2222931090646
1366,-6706.268709073833
1367,-688.9113867376891
1368,-86.22641531137015
1369,-1521.5074161678745
1370,-5062.326986303
1371,-4758.889079355726
1372,-5329.741511787012
1373,1927.888257148939
1374,823.5011567130937
1375,806.1363485260986
1376,-10.512514457975612
1377,-827.8248985790106
1378,-9447.073569102997
1379,-2133.217493723084
1380,2486.3974732928104
1381,618.0762820429995
1382,-4123.211409052854
1383,1076.3211271568039
1384,735.5837160894284
1385,527.3316284610191
1386,203.59713615954797
1387,-2148.7610863201653
1388,-5280.489534673548
1389,-42.47134218725887
1390,-832.6618411613722
1391,-6291.29736060867
1392,-724.1767606365756
1393,-582.0764176578655
1394,-846.8834266382114
1395,-2014.9262488107265
1396,-1519.9537293873755
1397,-354.4340794490472
1398,-352.4324085788189
1399,-1212.1249146129658
1400,-2746.49846637712
1401,-1188.972106275256
1402,85.1364521364685
1403,-3349.5043557695813
1404,-914.7721212732608
1405,-791.3498673684016
1406,-1202.4870896154293
1407,-477.1114384442908
1408,-609.668442577005
1409,-863.2992659820984
1410,-7479.529567823607
1411,-719.764164870307
1412,59.96188400476785
1413,-1814.7033542294246
1414,354.3415228765962
1415,-181.88931932418154
1416,-824.61849104181465
1417,-6964.495932414418
1418,-308.02134813565317
1419,-3352.0292333885986
1420,-11.40562563742742
1421,-580.1398302366679
1422,-916.6035920366617
1423,479.61221001224703
1424,-2014.1029249794487
1425,-1065.9530777870891
1426,-558.8755200718206
1427,-2968.725921903551
1428,285.6742469526107
1429,-1380.0015071348007
1430,-3272.525256330974
1431,-246.23675341347825
1432,-322.7177904512678
1433,371.4436040963765
1434,-1112.0865302363181
1435,-10823.94228819908
1436,-18108.97433907336
1437,-1404.6353129146498
1438,-3022.5836224766817
1439,-4492.158690840801
1440,153.15782611018676
1441,-9166.930641855768
1442,514.2597508031627
1443,-22.733636426992234
1444,742.0072472289689
1445,-38.165546157079916
1446,-288.0013096683474
1447,646.5358276532688
1448,686.8013693658172
1449,-1083.1269669673666
1450,388.9082463558734
1451,1035.4808527056962
1452,42.819583065455845
1453,-1142.768663775018
1454,-3302.5449884398035
1455,-795.2389694115095
1456,-3241.0237318682803
1457,51.38859239991734
1458,768.1113201119529
1459,454.7970636385835
1460,-5403.024946253987
1461,54.84678871898541
1462,136.0809776797164
1463,-509.23616864735504
1464,-1204.3619639805893
1465,702.1132873847687
1466,843.3815784359481
1467,-4656.61921956388
1468,-4101.366968153109
1469,-1406.8540945937389
1470,638.6840074569304
1471,-8828.574273665989
1472,-888.7998816258378
1473,411.34594233093094
1474,-830.9858763002376
1475,-84.09056130306499
1476,-3983.1217294201865
1477,-4583.807350222942
1478,-201.5539972641709
1479,42.76813551413716
1480,-1644.246699825284
1481,729.1455302488425
1482,-528.5841013789359
1483,-2071.653452691755
1484,217.17870821836868
1485,-53.467059248621354
1486,137.20215711110086
1487,-9192.957875782951
1488,-66.2181150731376
1489,-314.7883729563114
1490,-7876.863112819487
1491,1518.1215812187324
1492,-4592.645017687429
1493,463.6046097779731
1494,-1043.4415101403943
1495,-1552.6157518471912
1496,-15898.01751009207
1497,-1168.2101812428014
1498,480.52712320782894
1499,-9360.854900031676
1500,-1897.0100616594539
1501,-6042.301872932971
1502,-711.4767307822713
1503,803.3860195638413
1504,536.2993524022845
1505,-302.143360038433
1506,-6685.965432742666
1507,-736.7643663143667
1508,-3032.3189760969894
1509,124.91806244846703
1510,70.12458953416717
1511,-1621.2112063945997
1512,238.4470446069954
1513,1255.3236528498587
1514,185.22847658259343
1515,904.818493269649
1516,-674.6152412406441
1517,1486.8413782784505
1518,-182.55267843523188
1519,1539.881426301556
1520,-127.43168285343882
1521,-2839.2034831804986
1522,887.9549294076674
1523,-2018.0104208651871
1524,529.6093274674654
1525,-13043.54569267791
1526,-1824.7080805425514
1527,-806.6317012673717
1528,697.6920275912921
1529,-428.2928036950557
1530,250.91281876229732
1531,-2455.9483081614158
1532,-937.6371381302074
1533,878.5697126010195
1534,-320.98078295024425
1535,-316.1931562144214
1536,-6325.972041881683
1537,-689.3455394818293
1538,601.6640195009172
1539,-1214.2425705895466
1540,-1254.4218345546988
1541,-6694.811839087187
1542,-6010.43560039906
1543,1978.8830351207466
1544,-312.1507164303234
1545,-624.6691665031426
1546,-28449.635235879192
1547,-23.92924600093238
1548,-514.5280880075911
1549,773.7567958399582
1550,306.02289946091105
1551,-8529.65665095961
1552,1151.011115728053
1553,-3593.523322152135
1554,-18253.160443591103
1555,-2207.09600573797
1556,-1220.7079211071746
1557,-19.153606097522697
1558,-25423.285178730523
1559,-1967.522675809803
1560,90.20881496662378
1561,286.02627562327825
1562,-1697.761964216405
1563,1043.8453475196525
1564,305.7181401332832
1565,-895.9222845796976
1566,-702.4057498128332
1567,-867.5494577610457
1568,1648.315062191616
1569,-6723.10338426425
1570,117.76731375241161
1571,-5721.940890190407
1572,-13527.623671208448
1573,-5593.212592442078
1574,253.44618715689376
1575,75.12244972163944
1576,551.2078760551167
1577,-751.611489957686
1578,-871.1555987747065
1579,790.9562705134945
1580,-8862.262764199306
1581,-394.5875920506692
1582,-815.4519999544787
1583,-161.58440507073965
1584,-183.48626516290096
1585,-294.2894623709908
1586,-9063.723766842895
1587,-162.1702144455212
1588,304.09918359481935
1589,-50.5230532037549
1590,-8635.500333992488
1591,330.037461721804
1592,992.0923190100143
1593,-11686.5458113442
1594,-20609.76925510649
1595,137.47106652513412
1596,-9529.904967040884
1597,1012.5111605046518
1598,-7114.822342870402
1599,-598.6861235580341
1600,849.2645565169346
1601,3165.8039152689594
1602,-4879.286122040712
1603,101.42288048147657
1604,1842.4519328453675
1605,471.73323665476573
1606,-1772.4047715414554
1607,3385.32864425851
1608,262.4942390124056
1609,-571.5670898119924
1610,-23.968509051134788
1611,-12425.59238047457
1612,386.82367250632205
1613,-3989.900791890133
1614,-2606.9757746611076
1615,796.5791686549705
1616,265.88060192258627
1617,93.00618673555573
1618,-18903.232230740075
1619,2458.8091601301153
1620,-2598.4262789522445
1621,-24245.042303870818
1622,1657.517617175948
1623,-1232.7143949615092
1624,-1127.1300514209915
1625,-171.06416034824724
1626,502.2100114160362
1627,1351.0930832282688
1628,-1686.1368890741987
1629,-13601.96859319575
1630,3239.337925095799
1631,-231.31388267939883
1632,-14.510380876560703
1633,-953.607745181373
1634,-359.63220675229604
1635,-26406.183623344576
1636,1087.2888971360621
1637,160.8331338619846
1638,-5234.687132122369
1639,659.052941629744
1640,-15776.586832017078
1641,-6020.007052440207
1642,414.31981008883486
1643,437.2131741586486
1644,-158.22573171578688
1645,709.8309551844945
1646,-1912.676202878679
1647,1121.520502582675
1648,-633.7745302940416
1649,197.3823633490215
1650,771.7383346134243
1651,-5326.089133032236
1652,-16019.449010608423
1653,-4001.266100595008
1654,-11968.910070672287
1655,380.47633481264893
1656,-356.11603765848804
1657,-807.122705931079
1658,578.696431912068
1659,-534.7765978375692
1660,-318.39649626197433
1661,-162.0865904339721
1662,113.21982889433002
1663,1464.9981295900593
1664,-1010.1493401571802
1665,279.4872648717128
1666,-10473.191693186618
1667,-16320.968976125567
1668,-947.7559442239531
1669,181.16421306897246
1670,-1341.8995568577416
1671,-2653.0884490386034
1672,-6319.271928168042
1673,-6350.237534700068
1674,-1080.804819998943
1675,1142.4423566033024
1676,615.2722556618592
1677,-1639.8960736725976
1678,3417.4880196312065
1679,-13418.295664999667
1680,-27.309960288282127
1681,-411.01958667353847
1682,1012.3984656367161
1683,754.1138926196604
1684,-573.8199620717091
1685,-623.9081102720052
1686,522.5318992666726
1687,-421.6874507911075
1688,50.70594731804613
1689,-397.9711654027774
1690,-425.9894031649542
1691,684.507318894141
1692,-2683.8173433290353
1693,175.59037099099714
1694,-7466.474884662781
1695,-1839.0414934418473
1696,-839.0990378489682
1697,-505.25164981222133
1698,-808.2356091743823
1699,662.1659256711064
1700,-2148.6062440787564
1701,-901.777277018567
1702,-550.2283768516718
1703,-5456.225492757628
1704,-898.8611468314698
1705,496.2132052460079
1706,-28108.599600126032
1707,-868.0695233266933
1708,-2166.383984169361
1709,167.03786302350318
1710,716.6654060931437
1711,-3523.8138135466525
1712,-299.3876873217332
1713,-183.39046500574568
1714,1301.104906830938
1715,-4727.888515461123
1716,602.6139275919777
1717,-8845.19578417881
1718,-5610.771383955317
1719,146.09161694005388
1720,2503.451847582192
1721,-3863.7449593870006
1722,906.3712301365954
1723,-1934.167567704042
1724,-15738.891930725902
1725,-6451.432589609401
1726,2992.505290236209
1727,-1923.7507806355584
1728,-334.19624963020897
1729,-1348.4370755917012
1730,-1841.972865748784
1731,-1741.1800791033372
1732,-1599.7622602746483
1733,734.8820388459885
1734,-1135.6352938712466
1735,1574.3195661555005
1736,-20284.719211856755
1737,-290.8071649570493
1738,-1409.6101573972494
1739,-133.81495430108725
1740,-1144.5473706866887
1741,-19.87261511595125
1742,-1618.3605405176468
1743,-196.52012481088423
1744,-1130.178420382882
1745,151.0193735830453
1746,486.0095630556739
1747,-132.79896689934367
1748,-2176.4162032241593
1749,-2812.7029596640123
1750,-1690.5921868844355
1751,844.4929251383005
1752,-53.24310529039576
1753,-212.38521439235
1754,137.1976886900611
1755,-649.6683979837449
1756,-785.2590814233258
1757,-2922.7239212046625
1758,-596.404297784673
1759,500.4596063954714
1760,1428.5367782463331
1761,-282.0609518151723
1762,1792.363604573547
1763,-21.67862020300936
1764,-5356.52405852522
1765,135.10201922521537
1766,-373.7071186657199
1767,-1159.7586193822012
1768,-18369.23802695253
1769,-394.3390437477342
1770,560.3653167361449
1771,-8848.284594928316
1772,711.6973585971314
1773,1102.5290494363321
1774,-3207.630768465434
1775,-240.43930907250797
1776,1435.5577707452499
1777,-25689.750636772773
1778,99.55663255565105
1779,73.74837811560701
1780,194.42061125851615
1781,-7276.4677358489935
1782,-6859.710427093514
1783,-7618.450559016532
1784,-3015.450723212144
1785,117.38443551850742
1786,1033.1779671527006
1787,-283.2061624339103
1788,-22485.88286303899
1789,-885.1290421549011
1790,-622.2147520369244
1791,-6249.233035751715
1792,719.4111673203374
1793,-14530.656846759457
1794,-4633.660291962935
1795,991.2550679870706
1796,-13475.580931989407
1797,-1447.9618255691041
1798,-6866.1805420072205
1799,-345.9787997683138
1800,-4197.120302894376
1801,-112.55131862883718
1802,1219.9800077105506
1803,-414.83056081097175
1804,-2843.2177229427625
1805,-604.3919923125773
1806,-3548.2129610561033
1807,-1106.0561814636421
1808,-430.6996856695
1809,-4209.7256116648405
1810,-3904.390900199335
1811,-525.7880005533766
1812,-249.03097223011764
1813,6.615783184037355
1814,-1029.8767410875494
1815,-49.33187804152294
1816,-1525.6674781983822
1817,-5370.23131862705
1818,-59.224195542056805
1819,-1017.2810252869367
1820,-2001.8469872790824
1821,112.84184537721785
1822,-1572.0481677113378
1823,-4058.1224899848057
1824,-1139.316321726235
1825,-2546.2340668178676
1826,-8604.920194205526
1827,-308.23086187476747
1828,-6978.078603972665
1829,-545.1798208148098
1830,-11158.434312792651
1831,-799.7351154271005
1832,-1835.9324748145411
1833,-1290.5515617234787
1834,-616.6413858210594
1835,-1453.7510108742356
1836,-1329.7726152802193
1837,-867.7315852557745
1838,-208.18225359864664
1839,-33454.478122404216
1840,-185.31036474409757
1841,2641.1071048841372
1842,92.11722652789422
1843,-7223.938029887896
1844,-4948.132324858892
1845,197.20279040514424
1846,1320.737943213942
1847,-5264.937743632803
1848,387.7700944096796
1849,-1251.665749288894
1850,-10652.545119008828
1851,-1529.2033968861037
1852,-10164.496162061321
1853,-619.9690514385966
1854,-393.62186322810476
1855,126.62673863328655
1856,-3088.9117784238933
1857,-192.4359839346107
1858,-10526.800759917398
1859,-818.2667736297226
1860,-1350.571990777009
1861,-719.8427224294169
1862,-390.85557045949145
1863,-3685.683126596839
1864,-1808.3398413214036
1865,-10243.158020208195
1866,-2624.009086367802
1867,-175.11148026956425
1868,713.6299959109551
1869,-1724.7104481100023
1870,-1602.6399429160617
1871,-1019.7850272820951
1872,-838.1852861927287
1873,-3576.3334581219942
1874,315.2607233385902
1875,-7605.267072322436
1876,-49.006527730504786
1877,1486.8838558009543
1878,-4570.652325563967
1879,-5326.862654011515
1880,720.8458618607569
1881,1018.0257285741723
1882,123.88275110566929
1883,-6536.459424821796
1884,-85.93518878506848
1885,-3111.713649610473
1886,-1834.7317745878
1887,-5463.487754838565
1888,-12538.275931183802
1889,-978.0599994786403
1890,-2720.3514772659264
1891,-25938.906550058557
1892,-2560.5298135176067
1893,-192.95143176771717
1894,-1828.2201553074706
1895,-927.1513017234038
1896,-526.1214104333003
1897,-7856.296626384237
1898,-618.7923769371687
1899,-17620.17154279485
1900,-4557.118371105118
1901,1.6139133849828795
1902,-735.9971129552923
1903,-463.64987562541137
1904,-7593.41737852165
1905,-2469.2523075074273
1906,-298.6692402960848
1907,2843.9826210914193
1908,-9845.713706714645
1909,955.1831485860762
1910,-952.7471644265502
1911,-6612.857500634627
1912,608.5809554996663
1913,609.7900871215547
1914,196.93392607139867
1915,-304.8008754506868
1916,-16814.736010616678
1917,-542.1956255427085
1918,-2075.9027193002057
1919,-7949.582834221341
1920,98.01573784261018
1921,-920.102489800563
1922,-401.32781333096955
1923,-3311.963937778676
1924,383.6174685787191
1925,-912.5045634951148
1926,2302.89801050691
1927,-4541.749509654655
1928,2573.4116014771475
1929,-6657.461121311084
1930,-3837.551679775914
1931,507.9284113786807
1932,-1382.5736231926865
1933,2490.448380332558
1934,-119.96356817236074
1935,-202.88098737861628
1936,-1335.806725272576
1937,-25.615783558685052
1938,-922.7548419756404
1939,-9219.370713625933
1940,-1219.7914304996334
1941,-5692.286761675329
1942,306.7313076741284
1943,-953.6596115333523
1944,669.8808803198417
1945,-3664.9031588191333
1946,-15308.848999520866
1947,632.6460885498118
1948,194.37308104238218
1949,49.19108895931322
1950,-1587.948275064032
1951,264.3980261603597
1952,-4405.511256187565
1953,610.4355528561637
1954,-8819.602184782856
1955,-8641.699942005162
1956,1835.1896477659398
1957,28.156546000146136
1958,-568.7503675383341
1959,-1041.0744373548837
1960,-2127.9856793780696
1961,-1897.6790210390354
1962,-1201.1685020821515
1963,-1107.5813012898407
1964,-425.58853199803343
1965,104.17081300298423
1966,226.85093281014633
1967,459.40323135320887
1968,128.49989594497083
1969,-198.46764958937683
1970,-5504.16728710831
1971,-2608.570861306852
1972,-1278.4818550821456
1973,20.097101374034082
1974,-512.4206036986229
1975,-3322.09691116635
1976,-15954.048170984777
1977,-10742.97493136052
1978,-560.5276601507621
1979,-190.52405098873624
1980,-243.62745847329188
1981,-12529.211401029997
1982,-550.300820959349
1983,-32464.473137090084
1984,-289.5496857401349
1985,-1316.6958844867545
1986,-464.7856678579692
1987,284.7545028679965
1988,606.6658465642972
1989,244.00228117120423
1990,238.95401070727758
1991,802.4096685738073
1992,-653.6748859507443
1993,285.1445581702774
1994,-6560.346011357062
1995,-673.2287276740244
1996,118.7333338536614
1997,-3185.507782453986
1998,31.568925286985177
1999,-370.5327133569963
2000,818.0638461666581
2001,504.09267600332214
2002,-544.2072073322529
2003,1258.7140450425145
2004,996.7059663684445
2005,-418.85080837108217
2006,699.6907449952555
2007,-494.5816049457594
2008,-6888.132663452132
2009,-356.359019101837
2010,-435.60455853752774
2011,-35719.6874319425
2012,-563.76624439432
2013,-408.21044321097725
2014,-1115.7789043971165
2015,1127.725320201013
2016,-1107.0206333393267
2017,685.4550388288685
2018,-3034.0044951057616
2019,-18932.25856768188
2020,820.5681827015646
2021,-15199.513752787678
2022,-10531.095602157864
2023,382.5009336635044
2024,57.661269678845656
2025,-1212.058530639596
2026,1742.45431659203
2027,1409.1406561974795
2028,426.18207394406136
2029,89.61806064830171
2030,-1858.1426083987933
2031,47.926710423072564
2032,-5161.868718740177
2033,-14847.873130534286
2034,-27548.073426490937
2035,-215.29978813196385
2036,-373.0048678277485
2037,-83.5607849252765
2038,-181.65416757413777
2039,-978.9159547630748
2040,1731.2922290893725
2041,577.0309922791248
2042,742.6802887242525
2043,-684.8922218470329
2044,-333.23485834384064
2045,129.2327197048935
2046,-252.6427076050477
2047,-1043.7180759414555
2048,-434.69604315158085
2049,-3072.153331393838
2050,-2617.0318205704516
2051,-145.45548487329916
2052,86.44484504750562
2053,-1722.297024238387
2054,-4463.519423239359
2055,-1064.763647180302
2056,-13984.198011665192
2057,-569.2164355529067
2058,-21914.295302444036
2059,-1585.1487494170922
2060,-24.346259807636216
2061,812.1628156939528
2062,-127.10320947468017
2063,-903.2164194803854
2064,-205.86075714352683
2065,-8953.6873202788
2066,1124.2982212160182
2067,-6143.898038505862
2068,426.99660329625794
2069,445.5967544012724
2070,-579.2707976517095
2071,-5656.098811599852
2072,-10405.493876771898
2073,-452.4538955176654
2074,-510.47575983343495
2075,-391.2806766511826
2076,-239.96148596534704
2077,-761.6726611417253
2078,501.3915612471469
2079,130.09439857120697
2080,957.2443255318562
2081,423.60176352002736
2082,2600.662055533397
2083,1122.1970725018923
2084,592.7903309103858
2085,-293.1130833466814
2086,524.9991053409349
2087,696.8109832620062
2088,3291.3168162259476
2089,839.3877072277342
2090,-1491.5196861856377
2091,-12123.570325478882
2092,125.47246818452822
2093,94.23938428151223
2094,595.7721962245182
2095,497.64494277505537
2096,-364.2823352035284
2097,-57.20884074665855
2098,-1888.3144603193057
2099,-553.1863423719278
2100,-855.7752713799127
2101,-1488.921334087835
2102,-8080.984005476321
2103,-6111.964250807159
2104,-1336.8779892021612
2105,-6757.877248286983
2106,-1872.5456051638823
2107,-2.9620049685472623
2108,815.9790532065349
2109,-3673.7397345338786
2110,-11536.3327621286
2111,-10337.757348640927
2112,-576.2947010413691
2113,-1608.4568063098886
2114,-13713.132038564545
2115,-132.31489822236017
2116,-350.83216392934764
2117,-42.70635540279318
2118,-4310.695407142625
2119,1302.7490562499838
2120,757.0139516144486
2121,-775.5307235941632
2122,-690.3189239228186
2123,-523.1309689862087
2124,227.3638745425028
2125,-12692.291345205793
2126,-2139.7504601819837
2127,-904.999299966661
2128,-8684.180097308588
2129,-2001.8187533251592
2130,-842.1428760188137
2131,-857.1832186608458
2132,-1124.7863413023438
2133,725.4398932141817
2134,808.8992248286372
2135,-101.3765937334615
2136,-8310.687425213011
2137,-11561.064467324166
2138,-721.9741736091173
2139,568.6270277830931
2140,306.83869738717976
2141,1161.4778919924997
2142,898.3159716409905
2143,677.5037359978214
2144,-761.6727190417141
2145,-108.10002589683654
2146,-2211.7427167636824
2147,-6714.012978527598
2148,-6512.27676519741
2149,-926.5938129677643
2150,-2931.423012567019
2151,-8923.646953837762
2152,-5236.3720453302
2153,263.80745458962474
2154,-28450.499676152995
2155,-360.23398185096084
2156,155.0814472065199
2157,-960.3458475643988
2158,-7613.490075515421
2159,1302.7908897256862
2160,-647.4713617678008
2161,45.21257314146851
2162,-638.923336760744
2163,-324.7080747777636
2164,-292.1264121472982
2165,-426.5450086999481
2166,208.32850540708705
2167,828.878662454244
2168,-17437.78856500145
2169,467.49558086511115
2170,-1099.3870497586327
2171,-547.5145694000221
2172,-597.679358556356
2173,-355.33335834277295
2174,-11141.969263999956
2175,-844.2940380467089
2176,-1327.3114724825568
2177,-1084.7141561803974
2178,-385.3654764131611
2179,-385.7441077284452
2180,937.7410323540976
2181,113.27657965115986
2182,-8402.23728138143
2183,15.459686174333456
2184,478.15019685172274
2185,-255.56702177073976
2186,70.68632390182574
2187,-2138.993048422164
2188,-1023.1555021763752
2189,-2711.5065055257674
2190,-1223.518378287561
2191,-1216.1634661037251
2192,-6932.208734675938
2193,-994.8126157636343
2194,-4520.99161622021
2195,-1052.2234860225653
2196,-1003.3980046119041
2197,-682.4188571972368
2198,-819.2685398682765
2199,-256.38234316072067
2200,-549.347014326017
2201,-1661.8444685700094
2202,-1575.809630713809
2203,-6257.648248397279
2204,-147.12271497415077
2205,-3494.1705853890135
2206,-778.1689215892998
2207,-678.4131908951226
2208,-6933.011592113639
2209,1746.0156797024524
2210,24.040958213645354
2211,-245.2857763674442
2212,560.1312981963006
2213,-7089.734092567649
2214,-789.273073080732
2215,730.3081236079493
2216,1664.5323194498
2217,96.7520589942933
2218,-289.81297364486727
2219,-5944.74896032136
2220,-99.68636974921674
2221,-280.9311185055408
2222,97.0970226621157
2223,632.125576529631
2224,-1163.9209708660405
2225,-1013.0541122206128
2226,398.5828495793194
2227,-5997.883277848452
2228,72.55667280906164
2229,-23.996269122963895
2230,137.72449356189145
2231,-3413.9342564143094
2232,546.46592042866
2233,-12826.86534993667
2234,-498.4466839899874
2235,-717.0249325680375
2236,-23978.870721754174
2237,-40.070796163733576
2238,235.93677453257942
2239,-1077.7000484552937
2240,316.65771504447366
2241,-950.8853975509496
2242,-1841.3116324090495
2243,-481.4796463006014
2244,-874.2045302197998
2245,-201.28686293613373
2246,-932.0425685551158
2247,-2413.105984748867
2248,-1841.4328878704978
2249,-8942.261274574155
2250,-1210.1317422100105
2251,-622.8378122327545
2252,-8.867817322552128
2253,-1062.7243056758334
2254,-8173.717364791202
2255,458.5005816909975
2256,-889.5187958429483
2257,-16595.838133512054
2258,1381.4033132137051
2259,-400.5281973401893
2260,1592.3805935802006
2261,-392.97600331700596
2262,-4945.780382176264
2263,-1169.0023137531402
2264,110.43444785442216
2265,364.11808592649413
2266,-563.3012997341712
2267,-918.1384861383913
2268,-29.363342592861045
2269,731.8116789981891
2270,-571.7601559941372
2271,-1531.4271624837352
2272,-1429.484745805805
2273,-98.67121945810823
2274,-30813.43874692069
2275,-661.1890846254391
2276,-17098.524425547726
2277,-954.4904873929645
2278,-7530.642894798555
2279,-1647.2018061703288
2280,832.7769991712225
2281,398.57006025663577
2282,-4444.036988668831
2283,0.6637166343693934
2284,-152.47568462975187
2285,-1707.3103656633448
2286,702.3312270051733
2287,-0.8292687609746281
2288,-83.27036236152162
2289,1132.162915899305
2290,-1664.8815295959146
2291,-279.0702373307968
2292,19.118037046114296
2293,380.76682398073945
2294,-400.63733364895506
2295,-5194.546746085589
2296,1056.1962631587298
2297,918.2433689940513
2298,-321.36482424324413
2299,1013.5789157882705
2300,460.47093843879065
2301,-1382.2521839541912
2302,-80.75864437977225
2303,2480.972207700173
2304,-13205.952981386416
2305,-1697.327508195682
2306,-2534.022180122507
2307,970.4681163186219
2308,889.8252380857452
2309,-223.4429441503762
2310,886.5304747198011
2311,-3803.682999809127
2312,-7207.90300348462
2313,1683.4397057856581
2314,-1424.1718252482374
2315,-25944.611578319415
2316,1200.1330178941912
2317,1302.469528254193
2318,-480.47407157077396
2319,-1209.3425423144658
2320,182.13703900546852
2321,-274.393357943723
2322,221.07431690432304
2323,1416.1166813563427
2324,40.95651577029412
2325,99.27386629158991
2326,-386.5255401736913
2327,-5653.344852002372
2328,1056.7322759913
2329,889.4498514468428
2330,-819.9995825175979
2331,-323.54149309489276
2332,675.941088355698
2333,-186.77421294441137
2334,-1841.101281938854
2335,595.9037985654941
2336,-1538.7402989848144
2337,-19719.2551510348
2338,429.5065806394591
2339,684.6589710130315
2340,648.5998077413406
2341,-122.82951651776284
2342,-3120.7295067394957
2343,-3399.095611632207
2344,-885.0063934686968
2345,-235.20188717237397
2346,-8996.15925942104
2347,44.143369727908976
2348,-266.55054057191364
2349,-973.042485950939
2350,-1795.9962728297965
2351,614.8400465469754
2352,-10506.772899857042
2353,-832.851018018092
2354,-1580.4284321707441
2355,-1422.5905295064117
2356,-2266.1667471953497
2357,-31989.617844833727
2358,-431.3050491858494
2359,-7389.009670070702
2360,-219.63184848339642
2361,207.20622192580504
2362,67.34850423276112
2363,-18484.165055982878
2364,-470.51327687976527
2365,-464.6902288713359
2366,53.135406632797185
2367,106.39600494314209
2368,-809.0155081150756
2369,-569.1372182847585
2370,-3650.564655205529
2371,-5264.057635817325
2372,-13924.08946614078
2373,2109.7003554093776
2374,-302.82890027597705
2375,-9336.230208486742
2376,-2451.0911817475862
2377,905.9917061870369
2378,-2165.422060381896
2379,57.30613029540518
2380,167.91308156920832
2381,95.81462288442663
2382,-3539.8120162579444
2383,-357.2275333623097
2384,613.7951901373858
2385,279.893054996714
2386,-833.4998796631453
2387,-674.1614549502765
2388,-2795.5730599721333
2389,-1856.1869964380367
2390,-7195.20609989597
2391,-26.276078979455633
2392,597.7768805105061
2393,-64.40687027578497
2394,-2621.299876552474
2395,-9424.548785246361
2396,-1058.7318435820907
2397,796.6568747583383
2398,-140.98108543830313
2399,-910.0275255241463
2400,225.09984753743993
2401,-22311.545074230504
2402,-1079.5629461022522
2403,6.6959812885220344
2404,458.2007134487799
2405,3459.582100236716
2406,125.3324425255596
2407,-1083.7733785518203
2408,-413.04425810287967
2409,-8065.078076255168
2410,978.2413867290002
2411,-3624.160337899032
2412,-3935.871455166274
2413,166.23248521518553
2414,1937.4325193838563
2415,-6186.020799062277
2416,-4824.64410843989
2417,96.94245865818402
2418,-621.7714735403943
2419,-113.05251849757087
2420,-378.5480492850311
2421,1114.0197186843984
2422,-2233.761337968286
2423,-220.5680457558833
2424,-5450.311851419057
2425,643.0804329780294
2426,-428.5925695549022
2427,-808.9464819223513
2428,-548.0582938484608
2429,474.12310617628873
2430,-218.03233220237234
2431,269.91477013246094
2432,-8460.33566237638
2433,2586.9502797602977
2434,656.69969419258
2435,-4979.462089884235
2436,342.5188883410319
2437,-25.519998041884264
2438,-1186.5463491461555
2439,2226.613921836132
2440,698.1693516212258
2441,-2133.411091233993
2442,-14769.384483108306
2443,780.2192836084118
2444,-560.9435380342238
2445,2885.0260180810205
2446,692.9565672893818
2447,283.13548121038275
2448,415.3964475004691
2449,701.7694779170574
2450,-1583.231965265946
2451,-5797.8243434772985
2452,-798.351249649882
2453,2036.0874288861482
2454,261.40619513881256
2455,-862.3263494820908
2456,555.3162836259371
2457,345.28569314934384
2458,131.97812079119558
2459,871.9013105663084
2460,510.60113178635356
2461,3417.4712463826986
2462,-4078.3138327801876
2463,-2569.0845075154225
2464,-97.08271053200224
2465,428.55777729611555
2466,-10.461247482194722
2467,-13725.629304322332
2468,128.67090400781763
2469,2160.3322898291003
2470,-632.3146802414158
2471,-653.7990377353744
2472,-6036.548359331342
2473,284.6815147593211
2474,550.5847379578668
2475,1131.1760755968894
2476,236.12117345883553
2477,-1129.2415440541295
2478,264.7468004238517
2479,-15226.077182713398
2480,-291.6421041889048
2481,-14946.228857378019
2482,1116.2718421462855
2483,2545.203591703598
2484,-3011.661586217398
2485,732.2260630995347
2486,-95.03636490354984
2487,-610.403982649058
2488,-1022.4683102111762
2489,-1641.026924787148
2490,-322.7201017275961
2491,-189.3776205359036
2492,-2137.9496181708028
2493,-4786.764726637977
2494,2392.479271387779
2495,-6977.663670109367
2496,-211.65417658822116
2497,-33328.82284545659
2498,-33879.185996127206
2499,348.67934665433495
2500,-6987.702360532356
2501,-298.4358361725249
2502,99.23767514899282
2503,-366.13214005036843
2504,-15919.550064388137
2505,-15668.41581377562
2506,314.9440299429116
2507,1031.3406857193518
2508,-5905.766297599787
2509,-11178.12104609277
2510,-1864.0189762054847
2511,-3412.9026989037584
2512,-672.0156728058105
2513,-5965.081568218572
2514,-4154.618751231701
2515,-1626.0713205286845
2516,-580.1896125338853
2517,-3352.2531676506833
2518,214.4797658668922
2519,5.9675256258306035
2520,1949.5992381272304
2521,-1445.9506813140463
2522,-491.8197935346775
2523,1280.1409234192874
2524,524.0945100041604
2525,-102.68807593592283
2526,80.96205743728933
2527,618.1308563122034
2528,-397.9636700748415
2529,-2435.114865627001
2530,-772.7265576814743
2531,493.38488039996764
2532,2430.201665612985
2533,865.8317781697119
2534,404.92955276559223
2535,-755.8206313554797
2536,661.9456913717622
2537,-3539.771236862932
2538,-318.6980964571876
2539,1298.686370098842
2540,916.1732781982141
2541,-23321.838746325728
2542,-1851.8023933005613
2543,2157.7276370222658
2544,-36.85335503468559
2545,-12240.615843741
2546,-3754.5091389509575
2547,-726.5413853623568
2548,1497.6023975374105
2549,-4580.809713715943
2550,-7644.352705823281
2551,4047.390725399308
2552,239.59710634866678
2553,-27.254785838555108
2554,-626.3182061666271
2555,1071.5119564720967
2556,-11197.061735570041
2557,999.3783887878594
2558,697.0122955158881
2559,-3957.180019986119
2560,-1381.1789005856128
2561,-12734.341710214596
2562,-13970.332736688602
2563,-54.81321478804284
2564,-6784.016280884376
2565,-268.9910151924164
2566,-13894.79457507184
2567,615.0947007868326
2568,-9090.158954200138
2569,523.5280168989821
2570,288.45217706125095
2571,-269.0221514861678
2572,-512.8112743977649
2573,39.821998180833816
2574,615.980472184789
2575,-7085.070093899369
2576,277.71856312249383
2577,-1679.027547139114
2578,-1615.7226926118472
2579,-275.1802926270434
2580,-1238.899322453422
2581,701.3477082349223
2582,-17330.76748938548
2583,-1624.2850700297697
2584,-2849.0327182864753
2585,-6355.779223933976
2586,398.67201836116146
2587,1138.2596658024308
2588,-1383.9306928024164
2589,1234.4810104612666
2590,-492.85721502514934
2591,-1010.7634522097887
2592,-76.09019944950478
2593,-25.62768122565285
2594,297.07640781205055
2595,-5789.023368941512
2596,-335.4652371876282
2597,-1389.739308034044
2598,-506.083233194101
2599,584.3883949963556
2600,-9008.09996674866
2601,-138.8488214265767
2602,-479.02909639402924
2603,254.64550199368796
2604,406.19554910447187
2605,-1214.7974783577074
2606,-515.4213145923604
2607,-56.17522338743356
2608,-9659.424471532004
2609,1920.9964759126601
2610,-1631.096263034212
2611,1540.2796679804574
2612,-654.6214102505623
2613,-12959.460035546295
2614,1676.1776551800435
2615,43.21857819772276
2616,-1301.0943961556677
2617,-15925.830117884305
2618,-596.1923449048195
2619,-17766.085286290734
2620,-644.7210941793987
2621,-2696.39818599315
2622,-3545.4576657724347
2623,996.779292809551
2624,305.2273347123237
2625,-622.1188319830044
2626,-11086.419662079228
2627,-264.63513764125355
2628,-27745.005101690058
2629,1001.7635657092383
2630,-11.936660786537686
2631,-414.7295258695981
2632,33.761569099800454
2633,838.7964700152593
2634,-526.5707179860292
2635,2011.9078403765893
2636,-138.3188346302445
2637,1218.328463293397
2638,-3926.118610201497
2639,-17157.223533893455
2640,-1550.0957785329704
2641,-7399.899601856481
2642,320.71371141321424
2643,-21126.04616949529
2644,1143.0648457812927
2645,-597.5431919501111
2646,-7301.9363614271115
2647,-1417.801887714967
2648,-1024.5525799977522
2649,260.8078004713402
2650,2199.8897062805786
2651,62.80529038320992
2652,1224.6525111426304
2653,-569.2846556512586
2654,1338.7895637463412
2655,-360.22760379414194
2656,-189.2084908507527
2657,524.035550156309
2658,-18266.575738799413
2659,-35569.3567317636
2660,-836.7224178171928
2661,618.6599236573206
2662,-287.9907176569136
2663,2361.412119022148
2664,1614.5309420844346
2665,-10569.828811413801
2666,-3685.701315594766
2667,154.2643295945768
2668,-182.73565711708125
2669,699.9029075809717
2670,-6203.453143708295
2671,28.13330858970039
2672,-7194.699538264069
2673,1090.8967676422458
2674,-1585.4721712699063
2675,-4285.046580541042
2676,430.5090770851889
2677,82.56645956671082
2678,-4065.538784769549
2679,-5619.111718122818
2680,-18222.717501243587
2681,-717.3845816747203
2682,1331.8743958978753
2683,-1859.2256321006623
2684,-550.3337547859378
2685,248.480053138715
2686,-2096.959373404668
2687,-153.8898045508099
2688,735.1705212832408
2689,-542.7990535563554
2690,602.3805771289572
2691,906.5802643489856
2692,-1075.9113370081027
2693,2128.5858495770276
2694,-2910.376976203302
2695,81.94040847738825
2696,-867.5304333178356
2697,234.5275793390665
2698,-4532.583171690413
2699,2110.860815736319
2700,-85.29454225889776
2701,203.4150455456147
2702,-726.8435712898404
2703,2503.6779099894607
2704,901.9893602626466
2705,1089.947084803935
2706,-1847.096854829306
2707,-1649.810692514455
2708,-635.5394152178401
2709,-717.2756378538675
2710,1327.643887707794
2711,1154.7716533808084
2712,842.1983020654302
2713,185.27100158134135
2714,-5890.716023802421
2715,-3709.0628680148375
2716,-8043.9493503019585
2717,206.14857614877656
2718,-237.44340740809912
2719,-4361.5229282707505
2720,-339.44587953340806
2721,859.5445532928002
2722,-210.41831781612927
2723,-337.7451959543232
2724,-145.2896263592852
2725,464.21987420540654
2726,-14000.796810627524
2727,548.0970288856015
2728,226.46777636969864
2729,192.931799112951
2730,-4437.6993835602425
2731,-45.28940288428885
2732,-23224.147221256873
2733,674.6119952776608
2734,-5403.465353786814
2735,190.25586661078796
2736,-641.9467092872142
2737,971.9104187383932
2738,1142.564769519356
2739,147.74961649086754
2740,561.4019314605603
2741,-482.75519923736374
2742,887.5956249498427
2743,-9182.659971090581
2744,32.72456743465591
2745,889.9062842370918
2746,-405.1615723311329
2747,-265.55156250241635
2748,91.6944109259216
2749,-9456.73767780417
2750,215.7611877863087
2751,-708.6871688561073
2752,-2031.7692100986174
2753,1560.6294270678422
2754,-11516.127165887689
2755,971.1119079491632
2756,-4330.1863042398045
2757,-205.09134279253658
2758,-302.94330734592404
2759,1800.0259701204063
2760,-260.0254337413262
2761,-2405.5237883792133
2762,677.6006168600629
2763,-7753.663814872583
2764,-1020.854498465581
2765,334.69748602161917
2766,-7448.06799894874
2767,-8987.293641687229
2768,-2072.3247090502337
2769,1113.7438533477302
2770,823.2135610992759
2771,1952.253482448235
2772,433.7693130924663
2773,-22863.561691498577
2774,1027.0926401871825
2775,-16963.86461856522
2776,-8964.852908765253
2777,-352.39564795754586
2778,-2125.4031676539353
2779,-251.5181700403973
2780,-446.95042844007594
2781,116.46270160104996
2782,332.48095104809136
2783,345.7577880623153
2784,78.7439104030127
2785,-311.3115427000489
2786,402.8730402151891
2787,-7874.208377262363
2788,499.482643749383
2789,581.2343250158287
2790,-2674.5307192429495
2791,-32557.708569143866
2792,2555.995261521239
2793,-6406.755177845227
2794,1095.646425345703
2795,700.4343308936482
2796,423.57655307660116
2797,668.6845864285374
2798,-87.76905887811245
2799,-8451.691602523859
2800,-1333.9683756459326
2801,230.20824705564974
2802,-2138.198656667405
2803,-2619.3549492259754
2804,816.5519633832714
2805,213.29116664920002
2806,686.8733211084041
2807,-8209.080452792527
2808,-611.6148953236907
2809,-1716.9653565864273
2810,364.93539544736404
2811,-16730.95274761384
2812,-62.545626109413206
2813,423.94082811954786
2814,-620.9385034225838
2815,-753.6798135817285
2816,-3378.9478708533843
2817,-18635.163601242417
2818,1208.7111601302545
2819,-102.05619716039791
2820,-645.3349827367829
2821,-298.6992240188033
2822,-9013.09078530564
2823,-31079.94298019903
2824,-66.04941307973377
2825,-88.29505381907666
2826,1125.4372150770873
2827,-245.18882028700136
2828,-2615.102308137437
2829,48.706725572656524
2830,-44.63939147874635
2831,-173.0686797050712
2832,-339.1029706052186
2833,-3601.769045088517
2834,965.812712589312
2835,-9377.776613852095
2836,2053.296590753282
2837,-793.7371942075438
2838,-1921.3440600951333
2839,833.8885460945417
2840,-1567.6133866472203
2841,-5912.979097982989
2842,1186.9535228347645
2843,290.68946257042353
2844,461.02118809947433
2845,-706.6898219757409
2846,421.5649546616082
2847,-2907.3646550834237
2848,-818.5308902214829
2849,196.36978866946856
2850,-3963.9684765332754
2851,114.56493863975311
2852,568.4334636307003
2853,677.0714285374393
2854,2976.702223604529
2855,345.48185088829814
2856,411.7746046413931
2857,867.1567862465322
2858,-1101.3040366940018
2859,265.8523892960393
2860,-3075.2546187692706
2861,2013.8345709854298
2862,415.7600487854752
2863,-51.44235057929063
2864,-926.7749282268041
2865,848.852320460413
2866,-165.7480387677224
2867,378.60078517722513
2868,618.597707635899
2869,-2219.276269053733
2870,78.88401196448694
2871,-6432.557307213107
2872,195.83738326988941
2873,-14806.589237385082
2874,-29565.207823296267
2875,-16803.22509768287
2876,-23310.993661785124
2877,307.09607616842504
2878,1392.2222882587143
2879,-617.4720622110913
2880,522.1401488593874
2881,716.7618176710444
2882,1541.613895329277
2883,932.2656459510386
2884,-12219.471219185441
2885,2317.4330387581545
2886,164.80286068658643
2887,-9305.410370468868
2888,3472.3205536298105
2889,-3093.7245699620244
2890,-3384.2082879981913
2891,1422.3568910539566
2892,-549.0580465116354
2893,-1147.9054388205418
2894,-130.73156426719197
2895,370.3722511891092
2896,-11319.392733011557
2897,-2773.235699062103
2898,-34936.153719860005
2899,-86.76638239059685
2900,441.5273014485724
2901,-593.3367983699159
2902,758.2436436220028
2903,-991.5025653027205
2904,58.54468853319713
2905,-21752.996225446812
2906,363.5488512442316
2907,-157.35284540904559
2908,-18523.35616473965
2909,-257.467922308414
2910,-10015.750462567084
2911,1102.6582512302207
2912,464.273259374746
2913,1148.4142798369626
2914,-4796.454640596646
2915,553.7181622718313
2916,-1366.9094339715712
2917,3436.2405120424387
2918,41.282318616205885
2919,-25072.67566208404
2920,-11510.971899104503
2921,-440.02787473473836
2922,687.8941379430703
2923,-77.44853726380279
2924,-840.0097145471746
2925,1598.374511204623
2926,-1829.1432870930084
2927,-15042.609103471032
2928,-21045.72787575582
2929,-313.29740862603603
2930,-5850.5236448005435
2931,-887.3669259858038
2932,209.38974337426225
2933,-1016.9083185111081
2934,297.01750602062475
2935,-4581.258317217851
2936,-2442.255642512304
2937,722.867396500113
2938,863.8723144796545
2939,-565.6399420452963
2940,-334.19427967665615
2941,-220.078285457334
2942,-3355.1211825942146
2943,443.23883040131295
2944,-2095.45339354139
2945,-2397.3571087319096
2946,-950.1070934713953
2947,531.8254633338993
2948,-238.37260057755202
2949,-619.9801302003625
2950,-422.1234935053408
2951,79.7645707698457
2952,-1556.530547521474
2953,-176.67589262174533
2954,-134.31788566515752
2955,-19871.4980450198
2956,817.770307355338
2957,-528.2216182502607
2958,1421.998749545513
2959,-3155.27050474316
2960,-9331.988382426338
2961,-1763.6847301828673
2962,1943.5227854566042
2963,1737.5982733116457
2964,45.18687263111315
2965,-237.21786420341596
2966,466.2431683473983
2967,1009.2646672803462
2968,-186.40801687822795
2969,-1169.083040190072
2970,-138.0190232601476
2971,351.476851445123
2972,975.1510951048162
2973,-6994.1541497239905
2974,50.82476948981002
2975,-7595.934822474474
2976,-653.5048536832505
2977,1157.352445679498
2978,494.2131110583432
2979,-9.754306574443035
2980,835.3331695610937
2981,672.2219849311355
2982,2799.0977346095738
2983,155.56739827300635
2984,575.8743336612652
2985,1730.8287289928098
2986,151.3265037260494
2987,212.8312969150361
2988,62.6409978402512
2989,528.5722347283472
2990,-7341.144255125098
2991,1484.150992835032
2992,753.8304028425841
2993,-12187.06943361682
2994,-873.3719252380401
2995,-1281.1971156268332
2996,144.04698314500138
2997,26.182149098474838
2998,-7854.120734592148
2999,689.2322660502764
3000,461.8383732877505
3001,-79.59151985926064
3002,1053.4165420774166
3003,-300.5167367027443
3004,526.461320168748
3005,356.7636401681598
3006,-225.1889102971768
3007,657.7691925736121
3008,1429.9261818761001
3009,1248.8532596736109
3010,-93.07949774854433
3011,1711.5600566886865
3012,1043.7707496301941
3013,118.23369611505541
3014,1178.8078210294811
3015,153.15618303295423
3016,-3359.295112015928
3017,317.7354544140517
3018,377.74306133290474
3019,886.0507386282275
3020,-291.15425092798614
3021,113.32697952177386
3022,-997.2505641594344
3023,2434.5729627847727
3024,365.56209757743954
3025,-295.2568709712882
3026,611.7913563550974
3027,-4696.043251571689
3028,453.24084406604925
3029,-1102.216577197651
3030,44.16323473778448
3031,35.52600385394908
3032,-1548.499860437385
3033,1140.1388082632952
3034,-3222.4376846269697
3035,-8607.804656677303
3036,-134.02987293536626
3037,-14479.01895050771
3038,-182.2796676263265
3039,23.71446333093627
3040,-20465.699136726085
3041,154.32857193395057
3042,1258.3794507787102
3043,-4536.685835052713
3044,28.923103360406003
3045,1612.6043414613082
3046,-4918.597982994175
3047,-459.9548640201119
3048,1358.8607723631653
3049,721.2498651356741
3050,2428.236402424654
3051,-7076.000177356815
3052,277.9549913834662
3053,116.73461778205274
3054,-719.2625386701643
3055,-8417.697291711627
3056,-7706.142118134858
3057,67.96620848420389
3058,489.75038810196656
3059,-27854.30837249354
3060,-7289.267325953237
3061,-2144.847483677808
3062,-1144.0166525527939
3063,-5632.593970907341
3064,-470.72752920353787
3065,70.89869362073068
3066,256.5569121068588
3067,799.5277754182166
3068,-5093.497463728275
3069,-145.09298019389507
3070,-423.5765975470249
3071,-293.48263387460656
3072,32.982324428041466
3073,-8329.499428389743
3074,121.30411272371703
3075,-966.3013410189201
3076,1036.2784917006798
3077,791.3949090103483
3078,-18692.542368278202
3079,-759.9656666370115
3080,159.0725613798727
3081,-77.05247455770768
3082,-10229.211719347928
3083,-222.7215626378188
3084,492.3827266046701
3085,828.540011903076
3086,-660.0366814692102
3087,2180.325475714118
3088,-1056.2614996430666
3089,-7838.301822318719
3090,1858.9933488014772
3091,500.98810225825855
3092,285.6843215177164
3093,181.47963613414686
3094,-7542.801934808811
3095,-1051.4436531597335
3096,-4363.913439936362
3097,3303.350976231491
3098,-2627.9176987093497
3099,-1693.8592738732268
3100,78.94057033883882
3101,-8138.370369795832
3102,-12673.947521414404
3103,360.9812734265761
3104,-1343.3964069462477
3105,899.7513638334281
3106,-11078.732580684118
3107,983.2455201191774
3108,759.0127347526063
3109,-3354.8798705077584
3110,269.67178498892736
3111,-9860.135594109892
3112,-72.84921811520235
3113,627.3503435621687
3114,224.80880508439895
3115,-467.15327843777095
3116,576.7226473030273
3117,-135.16750325653584
3118,-506.1560462342136
3119,222.2343339592062
3120,-9.138911692103193
3121,377.6686642147788
3122,700.5758763366107
3123,-9074.6083206087
3124,139.25655808838292
3125,-14967.30317593503
3126,1441.8217105972985
3127,-5406.941619839643
3128,-15096.65809730113
3129,-31182.20282042862
3130,-1633.119980732907
3131,563.8138711760025
3132,360.1829100916266
3133,-5933.261080846252
3134,492.9165932922692
3135,-249.5183024620669
3136,-943.2612020547576
3137,-6640.813300358518
3138,105.08016070574467
3139,274.7927830803578
3140,1475.2262587353466
3141,1144.380966156647
3142,-9270.77762830065
3143,-65.98896788759748
3144,422.9997193792574
3145,809.2853429607544
3146,1248.0796694561727
3147,-145.96873005689758
3148,-273.0141260363921
3149,-12737.468262739445
3150,-13608.368412157286
3151,902.3266131667056
3152,-828.1715618920362
3153,-991.5296392756445
3154,19.834516629508926
3155,710.1994912430632
3156,-2066.1675577373057
3157,-14814.675785612566
3158,1571.343646359072
3159,635.6417270105276
3160,-1125.8862304122213
3161,-175.92172998800288
3162,1246.2771184843518
3163,48.440141096545176
3164,-518.8607763954919
3165,949.7053202562543
3166,482.970787730183
3167,-124.72766429546027
3168,428.4488701772525
3169,-349.35761491502217
3170,-325.0989833639919
3171,-337.2349600051375
3172,-26797.0698300263
3173,-2957.1090338959716
3174,-2751.295514658297
3175,953.1536749333632
3176,-20861.834618829645
3177,-737.9951914736644
3178,171.06582888083904
3179,437.1586117180218
3180,528.9724891744618
3181,-3863.8781600070765
3182,1760.5780105432664
3183,-782.9679235815638
3184,166.34751593932424
3185,325.6222081998176
3186,-6376.291058648947
3187,122.41942206611884
3188,404.1100388125665
3189,-3087.8907642966233
3190,-1342.2797793650734
3191,-5139.4702879415245
3192,-2837.2332716384235
3193,-888.437538773529
3194,-19.550665975272295
3195,512.4960681572989
3196,1091.0968532904385
3197,235.25629112554907
3198,-234.41303132204075
3199,-795.0059864973937
3200,-415.28801520483603
3201,10.291912064769804
3202,650.8054393829298
3203,-6792.163243180854
3204,-16340.959407641445
3205,-5758.817658498085
3206,2525.9479371308657
3207,-8380.453109676806
3208,-19091.02875499394
3209,-19943.809992739305
3210,-402.19137482287897
3211,-1039.7418512004278
3212,-335.0258231482444
3213,99.56111637467711
3214,-15080.947991797319
3215,-25574.825666042976
3216,-16732.168774628244
3217,-10274.02876973018
3218,-8549.401071244572
3219,-10201.739497466306
3220,-30045.026120779334
3221,-10428.317002822298
3222,-21523.26299212173
3223,-19269.134008826106
3224,-7141.488348644081
3225,-28792.58903928191
3226,-4337.259831811738
3227,-2085.2326238884107
3228,-11353.317334346099
3229,-8156.14667974634
3230,-11139.530958714433
3231,-11148.941644592913
3232,-8427.38453071439
3233,-22614.15467332383
3234,-2819.042145277961
3235,-2777.225342819091
3236,-5608.54937976801
3237,-6353.498122648998
3238,1323.1204903457542
3239,-3577.4457708297027
3240,-6313.455062937074
3241,-12545.729138451436
3242,-26973.902409102182
3243,-7080.021453458901
3244,-15459.02840427841
3245,-824.7932762057521
3246,-5524.5261469424295
3247,-8949.768929329262
3248,-6722.140797883645
3249,-17872.91647695266
3250,-985.5843594794883
3251,-9543.879982392868
3252,1362.186791998795
3253,-7595.474559617422
3254,-2272.4130245623064
3255,-7992.265099745591
3256,-2178.2670203346306
3257,-17251.214558401243
3258,-3691.8033518873626
3259,-20890.99018525051
3260,-12168.401656045964
3261,-7788.425877396334
3262,-23857.526525794397
3263,-17406.4191320046
3264,-5335.524527351555
3265,-6819.076133087259
3266,-21954.08288914341
3267,-8097.508967785019
3268,-11974.024821876345
3269,-18818.578404779593
3270,-10986.76234221481
3271,-9012.077953326008
3272,-1162.7994036262558
3273,-2288.9654811722557
3274,-2491.5637081949585
3275,-14165.767455777612
3276,-3164.8906783729662
3277,-7858.9672546112815
3278,-20326.268571046676
3279,-1825.6686803297553
3280,-4484.445620308051
3281,-10297.43449775198
3282,-18774.56810041691
3283,-3668.231439531236
3284,-6986.359126077297
3285,-1802.1625945376138
3286,-3039.762666617386
3287,-2406.7652876158295
3288,-10056.104354170588
3289,-5845.380439757391
3290,-24632.316634648807
3291,-2657.7577181078022
3292,-6690.083285791839
3293,-10323.619333500084
3294,-26949.19772425396
3295,-4101.591426400064
3296,-7901.172011615839
3297,-14387.517079178946
3298,-12104.40288555051
3299,-884.8925854654171
3300,-1159.043629895812
3301,-17397.30487142557
3302,-2346.0061964136553
3303,-6826.743021454019
3304,-6786.419912736232
3305,-7620.400290549238
3306,-4646.351458310128
3307,-5732.152228057363
3308,-26238.536279269145
3309,-11538.377970714673
3310,-2574.5246472386007
3311,-5535.005147454223
3312,-8008.536823435787
3313,-14904.398372479374
3314,-6249.8069000416945
3315,-5825.847902592352
3316,-1038.2841670609255
3317,-8207.06902624736
3318,-10695.925826486198
3319,-6218.916688664941
3320,-3906.082820503796
3321,-4918.610246954144
3322,-3989.8334474906997
3323,-12692.158960192686
3324,-12267.515497585395
3325,-9710.9205634294
3326,-9944.580493843072
3327,-15542.964465940775
3328,-468.3172659559941
3329,-2358.7846388115986
3330,-28219.330183205966
3331,-30638.15348376473
3332,-18852.8159726397
3333,-6202.466449503988
3334,-7411.113224251505
3335,-5217.493556287557
3336,-7045.303588023713
3337,-8687.143836478195
3338,-12324.19864527374
3339,-26126.584172080722
3340,-25600.352790937395
3341,-8966.031964921207
3342,-7857.774909988755
3343,-1039.648780993663
3344,-5828.122515556006
3345,-2413.078882239053
3346,-21899.44775513607
3347,-13145.591492047739
3348,-5885.44275112017
3349,-22522.135665906466
3350,-4809.1755548409765
3351,-6818.042692623454
3352,-6005.598083379834
3353,-8106.5168593604085
3354,-32312.2861754324
3355,-2868.7109189063353
3356,-5351.808045909353
3357,-2849.9185078125865
3358,-3003.005235589779
3359,-28053.0697141802
3360,-1448.6082859063877
3361,-26393.320765037504
3362,-10969.660599413863
3363,-3468.7704865862274
3364,-12475.894387314578
3365,-10352.618652570221
3366,-9031.387526267961
3367,-10047.332617967111
3368,-5921.717676406132
3369,-777.1829303639702
3370,-2019.3923784641113
3371,-3381.938145367386
3372,-13314.158488306915
3373,-1386.8655568255606
3374,-13026.859939242853
3375,-1550.781822012949
3376,-7897.756465451044
3377,-19333.746397668394
3378,-11238.906327405524
3379,-19278.018644892196
3380,-4365.367565222218
3381,-1560.5869449286424
3382,-2817.4758984457776
3383,2586.7998408041663
3384,-18063.753548324672
3385,-20221.14095146321
3386,-10811.099113256463
3387,-8939.60084927242
3388,-20478.207864305834
3389,-18421.586467039626
3390,-6847.714708249065
3391,-31963.590738664756
3392,-9975.35349916928
3393,-6381.55899517084
3394,-701.3141697921847
3395,-7611.70417943834
3396,-12943.958783307284
3397,-8222.372175992019
3398,-2224.0389298597192
3399,-24654.335627486565
3400,-20558.540277782227
3401,-17552.519695653147
3402,-6826.822148187308
3403,-16859.575496447025
3404,-3762.6939819080817
3405,336.37080395339444
3406,-15230.0322754407
3407,-399.1227379750585
3408,319.4357392232473
3409,-6471.970707893232
3410,-13427.695218699597
3411,-5200.477244037458
3412,-13715.198685942512
3413,-5676.348163290011
3414,-15786.465984075228
3415,-2379.0182153033293
3416,-4520.053547066771
3417,-10037.223343820433
3418,-23681.32299689039
3419,-5173.822829209753
3420,-9511.997172976222
3421,-9984.444808661736
3422,-8119.957799797026
3423,-17704.256349172494
3424,-12783.298349107405
3425,-6693.2891345476
3426,-13939.008702434145
3427,-1950.1943399220718
3428,-3210.979818268898
3429,-1288.3392459388629
3430,-11745.39393373273
3431,-8751.975961746328
3432,-16460.447110787267
3433,-23982.213596441517
3434,-1567.9642693808587
3435,-11110.045972224834
3436,-1169.0634476191326
3437,-7884.258971298545
3438,-24123.45251121411
3439,-6146.342048047234
3440,-23264.783073867227
3441,-4148.021041073467
3442,-7766.103077335403
3443,-2203.99498985189
3444,-15257.976814955102
3445,-11802.223799152376
3446,-4532.100410362645
3447,-5060.668534116215
3448,-5952.676306392329
3449,-4280.0324442369665
3450,-22810.522391112077
3451,-17522.34345341735
3452,-9093.885302557024
3453,-5829.610832708262
3454,-1874.2369469310997
3455,-2925.500763141252
3456,-26592.749237021515
3457,-11472.364329741182
3458,-4152.204171948278
3459,-17040.859954755782
3460,-1828.1704253207467
3461,-18412.344639795654
3462,-10564.024990780063
3463,-9289.938788949767
3464,-242.25081179988047
3465,-11211.002462611506
3466,-5403.885670136671
3467,-6280.938901207444
3468,-3760.652991209494
3469,-10442.06419607474
3470,-6771.048545464852
3471,-1640.4034121127759
3472,-5946.130025510391
3473,-1826.194158868211
3474,-27584.227384538597
3475,-5674.382470393452
3476,-6242.8859093579285
3477,-1661.6117117492226
3478,-3320.9987102495925
3479,-7317.241725711065
3480,-307.6330369144789
3481,-11707.99328007585
3482,-6296.466933586532
3483,-16553.87303518107
3484,-7711.558804018303
3485,-3540.7002116407975
3486,-5275.3955587516375
3487,-3573.4641946922466
3488,-35175.35932773822
3489,-3612.946049239003
3490,-6770.940981919475
3491,-9008.066574386341
3492,-5338.008801134111
3493,-11469.45542005109
3494,-15740.219733141606
3495,-9059.977165840377
3496,-6171.880117217358
3497,-6928.277687160718
3498,-9785.789380438502
3499,-3961.591624138302
3500,-3228.0423462509584
3501,-11155.022969928821
3502,-2728.1053821358973
3503,-1852.6665039078255
3504,-2844.600943931265
3505,-6167.584776481128
3506,-9374.924693509245
3507,-7780.644363867757
3508,-8974.308593328951
3509,-7511.426504340132
3510,-7801.7776255722965
3511,-8188.337220656431
3512,-5867.202218100138
3513,-6705.604760086084
3514,-7470.341584819789
3515,-4167.895803993775
3516,-6140.622897546155
3517,-11285.617037151718
3518,-6919.786969586681
3519,-30195.218233902044
3520,-10982.718998725863
3521,-3279.0612016146306
3522,-12961.886434441954
3523,-12714.417102306723
3524,-5948.420819637276
3525,-6760.354430533637
3526,-18959.1203834712
3527,-24543.607653290033
3528,-7787.711867075632
3529,-20984.914871692494
3530,-8231.761031979326
3531,-10814.307852429329
3532,-25774.428223183197
3533,-3875.7117896058735
3534,-11688.951080898634
3535,-4400.803166487052
3536,-4978.079818768503
3537,-23294.754422446593
3538,-6511.354567424598
3539,-21845.15869089917
3540,-6311.539718898459
3541,-7253.33004633004
3542,-19196.135969717147
3543,-6291.452838111247
3544,-4602.437892059679
3545,-9884.200747527682
3546,-9050.535986870851
3547,-9025.174558235602
3548,-11634.407159923943
3549,-1390.687499828263
3550,-500.74892175647983
3551,-6102.318061630918
3552,-1373.947904715733
3553,-6703.079443885115
3554,-1085.9366801463484
3555,-4846.961866006575
3556,-663.029921124772
3557,-4319.48238786859
3558,-1076.9160010389442
3559,-6129.7821402098
3560,-28878.031872376097
3561,-14595.133757111871
3562,-27615.82689792479
3563,-18144.85417942495
3564,-25995.492411861844
3565,-5291.57366493732
3566,-1319.480769277016
3567,-7061.124613953472
3568,-29321.023614686434
3569,-4542.044119675462
3570,-20444.741321613918
3571,-210.3152955460323
3572,-10665.426242210848
3573,-18970.2118604419
3574,-2979.560960291146
3575,-14836.078269600042
3576,-11580.152859904816
3577,-7601.555331866419
3578,-7948.837368587498
3579,-10750.020095814247
3580,-2822.90293795619
3581,-9361.022728374077
3582,-430.65701034367976
3583,-5705.118689454521
3584,-22884.25713140203
3585,-13916.176417531728
3586,-23933.613412661925
3587,-16758.454895153194
3588,-25238.92191969146
3589,-8881.758619191824
3590,-11722.446379755858
3591,-5637.047905521993
3592,-6100.144775128245
3593,-1304.564299327661
3594,-10083.822340278786
3595,-543.5372953877595
3596,-6673.031953014197
3597,-1084.0620527112783
3598,-6054.218254596322
3599,-12907.245035148935
3600,-21041.176636841206
3601,-8543.484818421939
3602,-25457.686496672955
3603,-2924.1732739819977
3604,-16891.093572706814
3605,-10666.3222236667
3606,-8544.703967140857
3607,-1773.8656387455635
3608,-1977.1851991907613
3609,-9805.61426260359
3610,-11304.064825920255
3611,-2920.564928894971
3612,-6033.581000729477
3613,-14123.62136662469
3614,-3200.961634273459
3615,-1761.909480064651
3616,-32114.441190240002
3617,839.6423469518418
3618,-1068.6760426471697
3619,-4703.326424922564
3620,-20027.833582425006
3621,-5061.642296965472
3622,-8041.560814528186
3623,-2494.060896810333
3624,-16348.190318071796
3625,-3302.5160477536515
3626,-9238.831724976491
3627,-3752.1290319201203
3628,-1856.0731843672213
3629,-12106.29257859047
3630,-4095.5478192259093
3631,-5288.60742215921
3632,-5381.983882793129
3633,-12684.29809711689
3634,-11694.411943191702
3635,-14848.313856905608
3636,-5773.464260928198
3637,-13934.02489898442
3638,-12489.97407403645
3639,-32739.0419743205
3640,-2154.16439390252
3641,-6451.267635877276
3642,-8019.7080865649
3643,-8122.68645230619
3644,-6654.48766671739
3645,-9825.838290130849
3646,-4907.960438653715
3647,-2211.2934488396872
3648,-7830.393736093065
3649,-13701.179873741745
3650,-5625.14004836421
3651,-8933.209983090434
3652,-13453.095779888068
3653,-5084.345975391664
3654,-4712.739246472594
3655,-21699.013892301806
3656,-12117.465775735007
3657,-526.7307064914712
3658,-16721.690160589747
3659,-15959.95085074236
3660,-7961.955674944418
3661,-2322.8816940576353
3662,-14192.604697372974
3663,-3218.1128536488486
3664,-12726.248578947932
3665,-12323.478721206162
3666,-4956.890995628439
3667,-287.90530345841535
3668,-18519.384377747967
3669,-1688.8001015340005
3670,-3806.6279598268957
3671,-2132.234243830965
3672,-6460.470057201754
3673,-7254.7198271462785
3674,-15799.200918957524
3675,-13481.492462886628
3676,-1724.5288818309998
3677,-12241.112604718339
3678,-3503.91433820525
3679,-12157.272919349125
3680,-12975.997473940122
3681,-16807.268252219714
3682,-20239.446424421454
3683,-22352.46214647635
3684,-6776.342465739261
3685,-4564.404947860558
3686,-6251.3366963945955
3687,-5209.87338586359
3688,-9127.522643266127
3689,-10483.04471699233
3690,-11437.60480943527
3691,-18436.194557125247
3692,-18515.139111887394
3693,-6432.409234857158
3694,-12326.528631254707
3695,-35178.12421111631
3696,-23099.129707900658
3697,-8059.961870571789
3698,-3268.7376157751687
3699,-2805.6076889533297
3700,-11295.01422670848
3701,-5280.431140582806
3702,-6842.871684062928
3703,-13038.244676620881
3704,-4209.245076829695
3705,-5381.127087122838
3706,-9536.970855309266
3707,-1975.4950726677887
3708,-4204.587239099813
3709,-12636.36833168416
3710,-2078.3559417143224
3711,-22131.146183000303
3712,-7816.624936740214
3713,-17720.535490764756
3714,-20708.678046111196
3715,-17931.45152017703
3716,-5226.163024832139
3717,-12466.983344346194
3718,-7096.766501956972
3719,-13370.19741137657
3720,-4238.018219310089
3721,-6753.879622761652
3722,-8973.118168763933
3723,-7742.5138011831605
3724,-8494.106790098916
3725,-8648.699698926006
3726,-449.6937773760578
3727,-12008.849297233195
3728,-24231.840693796537
3729,-7152.893033749345
3730,-3886.6666541844575
3731,-6790.7865741665555
3732,-28664.08882772938
3733,-5649.598901587702
3734,-27841.345101500363
3735,-20775.97201339596
3736,-10073.006356188998
3737,-4427.656633259657
3738,-15244.426126596585
3739,-3484.0159767194273
3740,304.8745790574967
3741,-10962.228091289111
3742,-15446.941246350178
3743,-31506.353739718525
3744,-8265.177958524264
3745,-2700.5906095331634
3746,-22311.355592224874
3747,-11384.578770465903
3748,-1554.9361656007418
3749,-4827.030169751518
3750,-11034.86128603726
3751,-14296.380159800627
3752,-4773.117216970383
3753,-10712.947550977171
3754,-6420.112798977255
3755,-23566.983102022696
3756,-25244.25086362217
3757,-3068.270580116837
3758,-10011.173431861278
3759,-4171.869167915255
3760,-13215.433302196161
3761,-12208.0256839821
3762,-7155.436874810083
3763,-11240.099784608336
3764,-7347.4986616570795
3765,-6689.94502942461
3766,-2759.234165756036
3767,-8705.920888589235
3768,-3517.779348606836
3769,-19855.390851198033
3770,-9427.726665048905
3771,-4881.607076715742
3772,-7327.305507814332
3773,-11368.09425505373
3774,-4363.628869006033
3775,-5104.755599428347
3776,-13265.127748977588
3777,-4646.345431420696
3778,-6226.824217417849
3779,-5896.2356153068595
3780,-15243.651629885635
3781,-4427.200030697317
3782,-5144.879969719126
3783,-6899.889719811821
3784,-2951.516870113245
3785,-262.2768263801445
3786,-11266.81212414693
3787,-8131.292589122961
3788,-4602.926849070269
3789,-6408.538325874992
3790,-13069.624895446033
3791,-35490.2424952856
3792,-4444.96949152805
3793,-17329.568171981373
3794,-1756.6726227635427
3795,-2638.0054595730267
3796,-4871.000376380548
3797,-18920.382127214358
3798,-5545.380584048769
3799,-18952.10288411924
3800,-12992.630127445807
3801,-3781.9593234384124
3802,-14923.902736251308
3803,-10888.822499653552
3804,-10835.166593883006
3805,-28482.35027586685
3806,-3885.999859132707
3807,-528.3222812138883
3808,-12083.764529825376
3809,-2227.865443524077
3810,-30936.94320774931
3811,-5613.096898713766
3812,-3775.8862708985694
3813,-15864.972011787908
3814,-33877.2216599139
3815,-536.9609365158553
3816,-10099.657101261719
3817,-4695.022636835006
3818,-7906.7907676642135
