Id,Predicted
1,-3084.0515129315836
2,-3718.9453005999458
3,-3769.981778708335
4,-3723.0282188486167
5,-3917.647322035274
6,-2687.3279564357053
7,-3463.7629100579998
8,-2613.154941584846
9,-3123.5197226687383
10,-3349.4411990952076
11,-3495.0652832978117
12,-3798.5622064490326
13,-3735.957459969409
14,-3565.835866274778
15,-3627.7601263796237
16,-3171.153768903235
17,-3570.5992708982276
18,-3495.0652832978117
19,-3420.8922684469526
20,-3772.0232378326705
21,-2705.701088554725
22,-3571.279757273006
23,-3349.4411990952076
24,-3756.3720512127643
25,-3708.738004978268
26,-3789.0353972021335
27,-3349.4411990952076
28,-3485.538474050912
29,-3769.981778708335
30,-3485.538474050912
31,-3772.0232378326705
32,-3810.8109611950463
33,-3531.811547535852
34,-3416.128863823503
35,-3350.121685469986
36,-3531.811547535852
37,-3723.0282188486167
38,-3259.616997624443
39,-3327.665635102295
40,-3420.8922684469526
41,-3497.787228796926
42,-3918.327808410053
43,-3723.0282188486167
44,-3565.835866274778
45,-3594.4162940154756
46,-3823.0597159410595
47,-3306.570557484161
48,-3729.833082596402
49,-3855.0425755556503
50,-2756.057080288336
51,-3395.7142725801473
52,-2918.693323860403
53,-3741.401350967637
54,-3723.0282188486167
55,-3218.7878151377313
56,-3789.0353972021335
57,-3776.78664245612
58,-2987.4224477130338
59,-3395.7142725801473
60,-3328.346121477073
61,-3463.7629100579998
62,-3390.9508679566975
63,-3282.7535343669124
64,-3463.7629100579998
65,-3218.7878151377313
66,-3917.647322035274
67,-3327.665635102295
68,-2971.7712610931276
69,-3599.860185013704
70,-3789.0353972021335
71,-3779.5085879552344
72,-3327.665635102295
73,-3655.660067745543
74,-2987.4224477130338
75,-3429.7385913190733
76,-3409.324000075718
77,-2987.4224477130338
78,-3537.25543853408
79,-3259.616997624443
80,-3361.689953841221
81,-3327.665635102295
82,-3084.0515129315836
83,-3742.762323717194
84,-3463.7629100579998
85,-3295.6827754877045
86,-3737.3184327189656
87,-2579.13062284592
88,-3776.78664245612
89,-3463.7629100579998
90,-3737.3184327189656
91,-3838.030416186187
92,-3737.3184327189656
93,-3395.7142725801473
94,-3917.647322035274
95,-3295.6827754877045
96,-3255.5340793757714
97,-3259.616997624443
98,-3565.835866274778
99,-3708.738004978268
100,-2506.318580744618
101,-3785.632965328241
102,-3412.7264319496103
103,-3259.616997624443
104,-3531.811547535852
105,-3810.8109611950463
106,-3855.0425755556503
107,-3822.379229566281
108,-3218.7878151377313
109,-3637.286935626523
110,-3361.689953841221
111,-3825.101175065395
112,-3327.665635102295
113,-3191.5683601465903
114,-2685.286497311369
115,-3443.348318814644
116,-3531.811547535852
117,-3756.3720512127643
118,-3737.3184327189656
119,-3637.967422001301
120,-3722.3477324738383
121,-3786.993938077798
122,-3746.1647555910868
123,-3737.3184327189656
124,-3779.5085879552344
125,-3548.1432205305364
126,-3409.324000075718
127,-3255.5340793757714
128,-3637.286935626523
129,-3570.5992708982276
130,-2817.300854018403
131,-3779.5085879552344
132,-3349.4411990952076
133,-3537.9359249088584
134,-3395.7142725801473
135,-3361.689953841221
136,-3189.5269010222546
137,-3463.7629100579998
138,-3217.426842388174
139,-3420.8922684469526
140,-3735.957459969409
141,-3723.0282188486167
142,-3497.787228796926
143,-3723.0282188486167
144,-3361.689953841221
145,-3090.856376679369
146,-3416.128863823503
147,-3637.967422001301
148,-3718.9453005999458
149,-3805.367070196818
150,-3593.735807640697
151,-3349.4411990952076
152,-3917.647322035274
153,-3689.684386484469
154,-3497.787228796926
155,-3050.707680567436
156,-3189.5269010222546
157,-3918.327808410053
158,-3499.1482015464826
159,-3499.1482015464826
160,-3742.762323717194
161,-3769.981778708335
162,-3594.4162940154756
163,-3655.660067745543
164,-3742.762323717194
165,-3637.286935626523
166,-3531.811547535852
167,-3217.426842388174
168,-3531.811547535852
169,-3485.538474050912
170,-3064.317408063007
171,-3463.7629100579998
172,-3599.860185013704
173,-3463.7629100579998
174,-3844.8352799339723
175,-2715.2278978016247
176,-3259.616997624443
177,-3055.471085190886
178,-3789.0353972021335
179,-3395.7142725801473
180,-3256.2145657505503
181,-2647.1792603237723
182,-3763.1769149605498
183,-3055.471085190886
184,-3531.811547535852
185,-3741.401350967637
186,-3531.811547535852
187,-2867.6568457520134
188,-2647.1792603237723
189,-3189.5269010222546
190,-3616.1918580083884
191,-3412.7264319496103
192,-3616.1918580083884
193,-3570.5992708982276
194,-3917.647322035274
195,-2851.325172757329
196,-3703.974600354818
197,-3090.856376679369
198,-3561.072461651328
199,-3501.1896606708183
200,-3570.5992708982276
201,-3295.6827754877045
202,-3497.787228796926
203,-3863.888898427771
204,-3064.317408063007
205,-3593.735807640697
206,-3189.5269010222546
207,-3305.890071109382
208,-3599.860185013704
209,-3722.3477324738383
210,-3123.5197226687383
211,-3917.647322035274
212,-3327.665635102295
213,-3527.7286292871804
214,-3798.5622064490326
215,-2919.3738102351813
216,-3350.121685469986
217,-3537.25543853408
218,-3548.1432205305364
219,-3037.7784394466444
220,-3655.660067745543
221,-2596.142782215383
222,-3866.610843926885
223,-3814.893879443717
224,-3742.762323717194
225,-2919.3738102351813
226,-3869.332789425999
227,-3756.3720512127643
228,-3570.5992708982276
229,-3633.8845037526303
230,-3055.471085190886
231,-3838.030416186187
232,-3741.401350967637
233,-3531.811547535852
234,-3497.787228796926
235,-3537.25543853408
236,-3918.327808410053
237,-3838.030416186187
238,-3570.5992708982276
239,-3742.762323717194
240,-3463.7629100579998
241,-3708.738004978268
242,-3917.647322035274
243,-3567.196839024335
244,-3840.0718753105225
245,-3463.7629100579998
246,-3217.426842388174
247,-3798.5622064490326
248,-3917.647322035274
249,-3495.0652832978117
250,-3667.9088224915563
251,-3504.592092544711
252,-3064.317408063007
253,-3746.1647555910868
254,-3567.196839024335
255,-3282.7535343669124
256,-3742.762323717194
257,-3876.137653173784
258,-3917.647322035274
259,-2755.3765939135574
260,-3742.762323717194
261,-3779.5085879552344
262,-3189.5269010222546
263,-2641.0548829507657
264,-3621.6357490066166
265,-3780.1890743300128
266,-3680.15757723757
267,-3603.943103262375
268,-3805.367070196818
269,-3217.426842388174
270,-3746.1647555910868
271,-3409.324000075718
272,-3327.665635102295
273,-3616.1918580083884
274,-3416.128863823503
275,-3382.785031459355
276,-3571.279757273006
277,-3497.787228796926
278,-3499.1482015464826
279,-3293.641316363369
280,-3655.660067745543
281,-3293.641316363369
282,-3772.0232378326705
283,-2997.6297433347117
284,-2984.700502213919
285,-3594.4162940154756
286,-3413.4069183243887
287,-3495.0652832978117
288,-2817.300854018403
289,-3501.1896606708183
290,-3708.738004978268
291,-3355.565576468214
292,-3718.9453005999458
293,-3825.101175065395
294,-3838.030416186187
295,-3531.811547535852
296,-2647.1792603237723
297,-3153.4611231589934
298,-3327.665635102295
299,-3537.25543853408
300,-3295.6827754877045
301,-3499.1482015464826
302,-3104.4661041749396
303,-3497.787228796926
304,-3823.0597159410595
305,-3259.616997624443
306,-3838.030416186187
307,-3420.8922684469526
308,-3123.5197226687383
309,-3171.153768903235
310,-3017.3638482032884
311,-3372.577735837677
312,-2987.4224477130338
313,-3825.7816614401736
314,-3409.324000075718
315,-3708.738004978268
316,-3405.2410818270464
317,-2950.676183474993
318,-3190.207387397033
319,-2817.300854018403
320,-3655.660067745543
321,-3116.0343725461744
322,-3409.324000075718
323,-3838.030416186187
324,-3695.1282774826973
325,-3531.811547535852
326,-3255.5340793757714
327,-3548.1432205305364
328,-2924.1372148586306
329,-3321.541257729288
330,-3321.541257729288
331,-3354.885090093436
332,-3917.647322035274
333,-3599.860185013704
334,-2851.325172757329
335,-3616.1918580083884
336,-3746.1647555910868
337,-3689.684386484469
338,-2851.325172757329
339,-3527.7286292871804
340,-3537.25543853408
341,-2919.3738102351813
342,-3565.835866274778
343,-3349.4411990952076
344,-2522.6502537393026
345,-3349.4411990952076
346,-3420.8922684469526
347,-3772.0232378326705
348,-3829.184093314066
349,-3805.367070196818
350,-3153.4611231589934
351,-2851.325172757329
352,-2558.7160316025643
353,-3588.972403017248
354,-3531.811547535852
355,-3412.7264319496103
356,-3863.888898427771
357,-3395.7142725801473
358,-3621.6357490066166
359,-3443.348318814644
360,-3328.346121477073
361,-3537.9359249088584
362,-3674.033199864563
363,-3527.7286292871804
364,-2984.700502213919
365,-3497.787228796926
366,-3779.5085879552344
367,-3217.426842388174
368,-3463.7629100579998
369,-3656.3405541203215
370,-3295.6827754877045
371,-3708.738004978268
372,-3637.286935626523
373,-3805.367070196818
374,-3420.8922684469526
375,-3588.972403017248
376,-3621.6357490066166
377,-3823.0597159410595
378,-3737.3184327189656
379,-3627.7601263796237
380,-2647.1792603237723
381,-3565.835866274778
382,-2756.057080288336
383,-3531.811547535852
384,-3537.25543853408
385,-3295.6827754877045
386,-3858.445007429543
387,-3604.6235896371536
388,-3372.577735837677
389,-2579.13062284592
390,-2327.3506641778663
391,-3570.5992708982276
392,-3594.4162940154756
393,-3395.7142725801473
394,-3680.15757723757
395,-3570.5992708982276
396,-3255.5340793757714
397,-3695.1282774826973
398,-3548.1432205305364
399,-3570.5992708982276
400,-3497.787228796926
401,-3570.5992708982276
402,-3463.7629100579998
403,-3429.7385913190733
404,-3723.0282188486167
405,-2905.0835963648324
406,-3776.78664245612
407,-3255.5340793757714
408,-3869.332789425999
409,-3372.577735837677
410,-3756.3720512127643
411,-3917.647322035274
412,-3655.660067745543
413,-3810.8109611950463
414,-3463.7629100579998
415,-2732.2400571710878
416,-3742.0818373424154
417,-3123.5197226687383
418,-3655.660067745543
419,-3463.7629100579998
420,-3917.647322035274
421,-3531.811547535852
422,-3055.471085190886
423,-3570.5992708982276
424,-3497.787228796926
425,-2817.300854018403
426,-3531.811547535852
427,-3917.647322035274
428,-3737.3184327189656
429,-3742.762323717194
430,-3603.943103262375
431,-3327.665635102295
432,-3656.3405541203215
433,-3741.401350967637
434,-3737.3184327189656
435,-3804.006097447261
436,-3293.641316363369
437,-3443.348318814644
438,-3917.647322035274
439,-2792.803344526376
440,-3497.787228796926
441,-3504.592092544711
442,-3599.860185013704
443,-3237.84143363153
444,-3588.972403017248
445,-3637.286935626523
446,-3372.577735837677
447,-3259.616997624443
448,-3293.641316363369
449,-3429.7385913190733
450,-3756.3720512127643
451,-2820.022799517517
452,-3621.6357490066166
453,-3420.8922684469526
454,-3349.4411990952076
455,-3637.286935626523
456,-3804.006097447261
457,-3917.647322035274
458,-3810.8109611950463
459,-3443.348318814644
460,-3603.943103262375
461,-3497.787228796926
462,-3259.616997624443
463,-3789.0353972021335
464,-2226.638680710645
465,-2715.2278978016247
466,-3055.471085190886
467,-3189.5269010222546
468,-3327.665635102295
469,-2489.9869077499334
470,-2579.13062284592
471,-3805.367070196818
472,-3531.811547535852
473,-3825.7816614401736
474,-3655.660067745543
475,-3789.0353972021335
476,-3667.9088224915563
477,-3565.835866274778
478,-3917.647322035274
479,-3779.5085879552344
480,-3855.0425755556503
481,-3371.2167630881204
482,-3703.974600354818
483,-3282.7535343669124
484,-3293.641316363369
485,-3737.3184327189656
486,-2522.6502537393026
487,-3501.1896606708183
488,-3616.1918580083884
489,-3655.660067745543
490,-3917.647322035274
491,-3810.8109611950463
492,-2596.142782215383
493,-3776.78664245612
494,-3501.1896606708183
495,-3789.0353972021335
496,-2987.4224477130338
497,-3869.332789425999
498,-3655.660067745543
499,-3723.0282188486167
500,-3463.7629100579998
501,-3769.981778708335
502,-3814.893879443717
503,-3808.7695020707106
504,-3838.030416186187
505,-3259.616997624443
506,-2531.4965766114233
507,-3742.762323717194
508,-3667.9088224915563
509,-3499.1482015464826
510,-2950.676183474993
511,-2918.693323860403
512,-3571.279757273006
513,-3742.762323717194
514,-3123.5197226687383
515,-3531.811547535852
516,-3855.0425755556503
517,-2545.106304106994
518,-3763.1769149605498
519,-3785.632965328241
520,-2517.886849115853
521,-3350.121685469986
522,-3838.030416186187
523,-3485.538474050912
524,-3537.25543853408
525,-3604.6235896371536
526,-3695.1282774826973
527,-3084.0515129315836
528,-3763.1769149605498
529,-3395.7142725801473
530,-3371.2167630881204
531,-3667.9088224915563
532,-2647.1792603237723
533,-3531.811547535852
534,-3742.762323717194
535,-3603.943103262375
536,-3499.1482015464826
537,-3723.0282188486167
538,-3863.888898427771
539,-3917.647322035274
540,-3742.762323717194
541,-3412.7264319496103
542,-3497.787228796926
543,-3463.7629100579998
544,-2851.325172757329
545,-3349.4411990952076
546,-3497.787228796926
547,-3735.957459969409
548,-2558.7160316025643
549,-3805.367070196818
550,-3531.811547535852
551,-2851.325172757329
552,-3259.616997624443
553,-3328.346121477073
554,-3237.84143363153
555,-3371.2167630881204
556,-3729.833082596402
557,-3416.128863823503
558,-3463.7629100579998
559,-3327.665635102295
560,-3191.5683601465903
561,-2918.693323860403
562,-3667.9088224915563
563,-3805.367070196818
564,-3779.5085879552344
565,-3863.888898427771
566,-3737.998919093744
567,-3495.0652832978117
568,-3084.0515129315836
569,-3829.184093314066
570,-2987.4224477130338
571,-3917.647322035274
572,-3537.25543853408
573,-3703.974600354818
574,-3723.0282188486167
575,-2950.676183474993
576,-3742.762323717194
577,-3171.153768903235
578,-3780.1890743300128
579,-3371.2167630881204
580,-3497.787228796926
581,-3327.665635102295
582,-3786.993938077798
583,-2817.981340393181
584,-3779.5085879552344
585,-3259.616997624443
586,-3354.885090093436
587,-3327.665635102295
588,-3050.707680567436
589,-3869.332789425999
590,-3735.957459969409
591,-3463.7629100579998
592,-3772.0232378326705
593,-3327.665635102295
594,-3321.541257729288
595,-3354.885090093436
596,-3570.5992708982276
597,-3463.7629100579998
598,-3723.0282188486167
599,-3497.787228796926
600,-3858.445007429543
601,-3603.943103262375
602,-3463.7629100579998
603,-3776.78664245612
604,-3718.9453005999458
605,-3282.7535343669124
606,-3436.5434550668588
607,-3305.890071109382
608,-3531.811547535852
609,-3497.787228796926
610,-3372.577735837677
611,-3409.324000075718
612,-3259.616997624443
613,-3501.1896606708183
614,-3306.570557484161
615,-3829.184093314066
616,-3722.3477324738383
617,-3808.7695020707106
618,-3604.6235896371536
619,-3722.3477324738383
620,-3917.647322035274
621,-2919.3738102351813
622,-2558.7160316025643
623,-3412.7264319496103
624,-3071.122271810792
625,-3463.7629100579998
626,-3742.762323717194
627,-3565.835866274778
628,-3463.7629100579998
629,-3361.689953841221
630,-3804.006097447261
631,-3354.885090093436
632,-3795.15977457514
633,-3656.3405541203215
634,-3395.7142725801473
635,-3917.647322035274
636,-3780.1890743300128
637,-3708.738004978268
638,-3565.835866274778
639,-3616.1918580083884
640,-3293.641316363369
641,-3814.893879443717
642,-3493.7043105482544
643,-3084.0515129315836
644,-3218.7878151377313
645,-3497.787228796926
646,-3429.7385913190733
647,-3412.7264319496103
648,-3565.835866274778
649,-3548.1432205305364
650,-3463.7629100579998
651,-3327.665635102295
652,-3395.7142725801473
653,-3497.787228796926
654,-3780.1890743300128
655,-3537.25543853408
656,-3863.888898427771
657,-3191.5683601465903
658,-3382.785031459355
659,-3531.811547535852
660,-3722.3477324738383
661,-3429.7385913190733
662,-3395.7142725801473
663,-3409.324000075718
664,-3354.885090093436
665,-3327.665635102295
666,-2647.1792603237723
667,-2783.276535279477
668,-3808.7695020707106
669,-3567.196839024335
670,-3863.888898427771
671,-3537.9359249088584
672,-3463.7629100579998
673,-3495.0652832978117
674,-3527.7286292871804
675,-3295.0022891129256
676,-3776.78664245612
677,-2885.3494914962553
678,-3814.893879443717
679,-3123.5197226687383
680,-3485.538474050912
681,-3293.641316363369
682,-3785.632965328241
683,-3293.641316363369
684,-3123.5197226687383
685,-3814.893879443717
686,-3282.7535343669124
687,-3825.101175065395
688,-3321.541257729288
689,-3785.632965328241
690,-3084.0515129315836
691,-3723.0282188486167
692,-3804.006097447261
693,-3128.963613666966
694,-3779.5085879552344
695,-3680.15757723757
696,-3776.78664245612
697,-2919.3738102351813
698,-3050.707680567436
699,-3599.860185013704
700,-3498.467715171704
701,-3735.957459969409
702,-2647.1792603237723
703,-3382.785031459355
704,-3269.143806871342
705,-3171.153768903235
706,-3637.286935626523
707,-3463.7629100579998
708,-3328.346121477073
709,-3497.787228796926
710,-3637.967422001301
711,-3395.7142725801473
712,-3822.379229566281
713,-2851.325172757329
714,-3327.665635102295
715,-3723.0282188486167
716,-3294.321802738147
717,-2820.022799517517
718,-2820.022799517517
719,-3786.993938077798
720,-3355.565576468214
721,-3361.689953841221
722,-3612.789426134496
723,-2973.812720217463
724,-3217.426842388174
725,-3616.1918580083884
726,-3567.196839024335
727,-2772.3887532830204
728,-3282.7535343669124
729,-3655.660067745543
730,-3429.7385913190733
731,-3718.9453005999458
732,-2820.022799517517
733,-3084.0515129315836
734,-3917.647322035274
735,-3497.787228796926
736,-3550.1846796548716
737,-3316.09736673106
738,-3037.7784394466444
739,-3064.317408063007
740,-3565.835866274778
741,-3917.647322035274
742,-3723.0282188486167
743,-3858.445007429543
744,-3463.7629100579998
745,-3416.128863823503
746,-3789.0353972021335
747,-3463.7629100579998
748,-2958.1615335975566
749,-3321.541257729288
750,-3259.616997624443
751,-3327.665635102295
752,-3637.967422001301
753,-3917.647322035274
754,-3501.1896606708183
755,-3655.660067745543
756,-3372.577735837677
757,-3548.1432205305364
758,-3328.346121477073
759,-3786.993938077798
760,-3838.030416186187
761,-3612.789426134496
762,-3656.3405541203215
763,-3537.25543853408
764,-3729.833082596402
765,-3358.968008342107
766,-3548.1432205305364
767,-3123.5197226687383
768,-3116.714858920953
769,-3917.647322035274
770,-3409.324000075718
771,-3742.762323717194
772,-3863.888898427771
773,-2596.142782215383
774,-3412.7264319496103
775,-3917.647322035274
776,-3588.972403017248
777,-3637.286935626523
778,-2987.4224477130338
779,-3395.7142725801473
780,-3737.3184327189656
781,-3655.660067745543
782,-3361.689953841221
783,-2919.3738102351813
784,-2926.1786739829668
785,-3776.78664245612
786,-3723.0282188486167
787,-3838.030416186187
788,-3349.4411990952076
789,-3825.101175065395
790,-3218.7878151377313
791,-3863.888898427771
792,-3409.324000075718
793,-3655.660067745543
794,-3723.0282188486167
795,-3321.541257729288
796,-3798.5622064490326
797,-3918.327808410053
798,-3703.974600354818
799,-2517.886849115853
800,-3655.660067745543
801,-3255.5340793757714
802,-3113.3124270470603
803,-3667.9088224915563
804,-3037.7784394466444
805,-3742.762323717194
806,-3603.943103262375
807,-3570.5992708982276
808,-3722.3477324738383
809,-3282.7535343669124
810,-3463.7629100579998
811,-3718.9453005999458
812,-3917.647322035274
813,-3499.1482015464826
814,-3567.196839024335
815,-3776.78664245612
816,-3917.647322035274
817,-3723.0282188486167
818,-3742.0818373424154
819,-3823.0597159410595
820,-3838.030416186187
821,-3701.9331412304828
822,-3567.196839024335
823,-3917.647322035274
824,-3917.647322035274
825,-3259.616997624443
826,-3746.1647555910868
827,-3855.0425755556503
828,-2973.812720217463
829,-3327.665635102295
830,-3443.348318814644
831,-3565.835866274778
832,-3795.15977457514
833,-3321.541257729288
834,-3795.15977457514
835,-3785.632965328241
836,-3159.585500532
837,-3616.1918580083884
838,-3350.802171844765
839,-3780.1890743300128
840,-3463.7629100579998
841,-3917.647322035274
842,-2351.167687295115
843,-3421.572754821731
844,-3633.8845037526303
845,-3372.577735837677
846,-3537.25543853408
847,-3742.762323717194
848,-3829.184093314066
849,-3655.660067745543
850,-3917.647322035274
851,-3495.0652832978117
852,-3464.443396432778
853,-2987.4224477130338
854,-3655.660067745543
855,-3779.5085879552344
856,-3637.286935626523
857,-2984.700502213919
858,-3570.5992708982276
859,-3259.616997624443
860,-3593.735807640697
861,-2654.664610446336
862,-3756.3720512127643
863,-3104.4661041749396
864,-3655.660067745543
865,-3412.7264319496103
866,-3918.327808410053
867,-3499.1482015464826
868,-3741.401350967637
869,-3708.738004978268
870,-3501.1896606708183
871,-3537.25543853408
872,-3123.5197226687383
873,-3621.6357490066166
874,-3259.616997624443
875,-3616.1918580083884
876,-3463.7629100579998
877,-3637.286935626523
878,-3321.541257729288
879,-3917.647322035274
880,-3708.738004978268
881,-3737.3184327189656
882,-3667.9088224915563
883,-3723.0282188486167
884,-2990.824879586926
885,-3412.7264319496103
886,-3409.324000075718
887,-3737.998919093744
888,-3804.006097447261
889,-3361.689953841221
890,-3599.860185013704
891,-3701.9331412304828
892,-3497.787228796926
893,-3708.738004978268
894,-3737.3184327189656
895,-3316.09736673106
896,-3116.714858920953
897,-3123.5197226687383
898,-3354.885090093436
899,-3772.0232378326705
900,-3603.943103262375
901,-3593.735807640697
902,-3123.5197226687383
903,-3395.7142725801473
904,-3321.541257729288
905,-2984.700502213919
906,-3018.044334578067
907,-3123.5197226687383
908,-3593.735807640697
909,-3327.665635102295
910,-3804.006097447261
911,-3742.762323717194
912,-2924.1372148586306
913,-3616.1918580083884
914,-3358.968008342107
915,-3259.616997624443
916,-3865.9303575521067
917,-3776.78664245612
918,-3189.5269010222546
919,-3327.665635102295
920,-3866.610843926885
921,-3295.6827754877045
922,-3064.317408063007
923,-2958.1615335975566
924,-3050.707680567436
925,-3723.0282188486167
926,-2613.154941584846
927,-3917.647322035274
928,-3527.7286292871804
929,-2327.3506641778663
930,-3603.943103262375
931,-3779.5085879552344
932,-3917.647322035274
933,-2732.2400571710878
934,-3737.3184327189656
935,-3604.6235896371536
936,-3737.3184327189656
937,-3257.575538500107
938,-3283.434020741691
939,-3565.835866274778
940,-3637.286935626523
941,-3412.7264319496103
942,-3737.998919093744
943,-3576.723648271234
944,-3504.592092544711
945,-3531.811547535852
946,-3855.0425755556503
947,-3497.787228796926
948,-3756.3720512127643
949,-3746.1647555910868
950,-3349.4411990952076
951,-3795.15977457514
952,-3084.0515129315836
953,-3463.7629100579998
954,-3361.689953841221
955,-3282.7535343669124
956,-3123.5197226687383
957,-3917.647322035274
958,-3084.0515129315836
959,-3017.3638482032884
960,-3497.787228796926
961,-3255.5340793757714
962,-3917.647322035274
963,-3810.8109611950463
964,-3395.7142725801473
965,-3409.324000075718
966,-3327.665635102295
967,-3409.324000075718
968,-3723.0282188486167
969,-3356.9265492177715
970,-2892.1543552440403
971,-3071.122271810792
972,-3116.714858920953
973,-3350.121685469986
974,-3804.006097447261
975,-3217.426842388174
976,-3531.811547535852
977,-3382.785031459355
978,-3350.802171844765
979,-3746.1647555910868
980,-3637.286935626523
981,-3327.665635102295
982,-3840.0718753105225
983,-2170.8387979788063
984,-3823.0597159410595
985,-3361.689953841221
986,-3420.8922684469526
987,-3746.1647555910868
988,-3327.665635102295
989,-3443.348318814644
990,-3616.1918580083884
991,-3463.7629100579998
992,-3918.327808410053
993,-3723.0282188486167
994,-3718.9453005999458
995,-3412.7264319496103
996,-3795.15977457514
997,-3495.0652832978117
998,-3459.6799918093284
999,-3403.199622702711
1000,-3570.5992708982276
1001,-3349.4411990952076
1002,-3858.445007429543
1003,-3237.84143363153
1004,-3084.0515129315836
1005,-3327.665635102295
1006,-3531.811547535852
1007,-3655.660067745543
1008,-3735.957459969409
1009,-3416.128863823503
1010,-3327.665635102295
1011,-3191.5683601465903
1012,-3327.665635102295
1013,-3735.957459969409
1014,-3604.6235896371536
1015,-3395.7142725801473
1016,-3218.7878151377313
1017,-3327.665635102295
1018,-2421.257783897303
1019,-3655.660067745543
1020,-3038.458925821423
1021,-3463.7629100579998
1022,-3769.981778708335
1023,-3395.7142725801473
1024,-3599.860185013704
1025,-2803.010640148054
1026,-3838.030416186187
1027,-3463.7629100579998
1028,-3024.168711951074
1029,-3327.665635102295
1030,-3718.9453005999458
1031,-3018.044334578067
1032,-2987.4224477130338
1033,-3561.072461651328
1034,-3708.738004978268
1035,-3805.367070196818
1036,-2919.3738102351813
1037,-3917.647322035274
1038,-3823.0597159410595
1039,-3746.1647555910868
1040,-3599.860185013704
1041,-3189.5269010222546
1042,-3123.5197226687383
1043,-3322.2217441040666
1044,-3863.888898427771
1045,-3708.738004978268
1046,-3189.5269010222546
1047,-3780.1890743300128
1048,-3497.787228796926
1049,-2327.3506641778663
1050,-3776.78664245612
1051,-3259.616997624443
1052,-3863.888898427771
1053,-3667.9088224915563
1054,-3855.0425755556503
1055,-3321.541257729288
1056,-3497.787228796926
1057,-3321.541257729288
1058,-3412.7264319496103
1059,-3805.367070196818
1060,-3810.8109611950463
1061,-3633.8845037526303
1062,-3656.3405541203215
1063,-3561.072461651328
1064,-3501.1896606708183
1065,-2783.276535279477
1066,-3395.7142725801473
1067,-3409.324000075718
1068,-3416.128863823503
1069,-2973.1322338426844
1070,-3055.471085190886
1071,-3497.787228796926
1072,-3372.577735837677
1073,-3349.4411990952076
1074,-3780.1890743300128
1075,-3123.5197226687383
1076,-3603.943103262375
1077,-3501.1896606708183
1078,-2687.3279564357053
1079,-3742.762323717194
1080,-3327.665635102295
1081,-3501.1896606708183
1082,-3395.7142725801473
1083,-3395.7142725801473
1084,-3259.616997624443
1085,-3863.888898427771
1086,-3257.575538500107
1087,-3855.0425755556503
1088,-3708.738004978268
1089,-3565.835866274778
1090,-3361.689953841221
1091,-3838.030416186187
1092,-3409.324000075718
1093,-3723.0282188486167
1094,-3409.324000075718
1095,-3037.7784394466444
1096,-3695.1282774826973
1097,-3350.121685469986
1098,-3361.689953841221
1099,-3786.993938077798
1100,-3501.1896606708183
1101,-2705.701088554725
1102,-3361.689953841221
1103,-3789.0353972021335
1104,-3722.3477324738383
1105,-3371.2167630881204
1106,-3779.5085879552344
1107,-3637.967422001301
1108,-3420.8922684469526
1109,-3349.4411990952076
1110,-3354.885090093436
1111,-3293.641316363369
1112,-3656.3405541203215
1113,-3814.893879443717
1114,-3780.1890743300128
1115,-3655.660067745543
1116,-3429.7385913190733
1117,-3372.577735837677
1118,-3497.787228796926
1119,-3504.592092544711
1120,-2987.4224477130338
1121,-3918.327808410053
1122,-3737.3184327189656
1123,-3737.3184327189656
1124,-3420.8922684469526
1125,-3822.379229566281
1126,-3443.348318814644
1127,-3190.207387397033
1128,-3637.286935626523
1129,-3485.538474050912
1130,-3858.445007429543
1131,-3463.7629100579998
1132,-2954.078615348886
1133,-3349.4411990952076
1134,-3742.762323717194
1135,-3395.7142725801473
1136,-3546.1017614062007
1137,-3805.367070196818
1138,-3789.0353972021335
1139,-3637.967422001301
1140,-3259.616997624443
1141,-3531.811547535852
1142,-3463.7629100579998
1143,-3463.7629100579998
1144,-3495.0652832978117
1145,-3463.7629100579998
1146,-3531.811547535852
1147,-3917.647322035274
1148,-2987.4224477130338
1149,-3637.967422001301
1150,-3084.0515129315836
1151,-3637.286935626523
1152,-3497.787228796926
1153,-3189.5269010222546
1154,-3403.199622702711
1155,-3113.3124270470603
1156,-3501.1896606708183
1157,-2523.330740114081
1158,-3294.321802738147
1159,-3548.1432205305364
1160,-3395.7142725801473
1161,-3637.286935626523
1162,-3789.0353972021335
1163,-3504.592092544711
1164,-3017.3638482032884
1165,-3064.317408063007
1166,-3637.286935626523
1167,-3123.5197226687383
1168,-3917.647322035274
1169,-3798.5622064490326
1170,-3037.7784394466444
1171,-3304.529098359825
1172,-3570.5992708982276
1173,-3084.0515129315836
1174,-3616.1918580083884
1175,-3021.44676645196
1176,-3485.538474050912
1177,-3567.196839024335
1178,-3550.1846796548716
1179,-3789.0353972021335
1180,-3322.2217441040666
1181,-3409.324000075718
1182,-3565.835866274778
1183,-3603.943103262375
1184,-2984.700502213919
1185,-3822.379229566281
1186,-3463.7629100579998
1187,-3371.2167630881204
1188,-2621.3207780821886
1189,-3372.577735837677
1190,-3718.9453005999458
1191,-3594.4162940154756
1192,-3354.885090093436
1193,-2705.701088554725
1194,-2987.4224477130338
1195,-3612.789426134496
1196,-3722.3477324738383
1197,-2919.3738102351813
1198,-3259.616997624443
1199,-3637.286935626523
1200,-3570.5992708982276
1201,-3305.890071109382
1202,-3779.5085879552344
1203,-3656.3405541203215
1204,-3570.5992708982276
1205,-3531.811547535852
1206,-3409.324000075718
1207,-3633.8845037526303
1208,-3531.811547535852
1209,-3218.7878151377313
1210,-3463.7629100579998
1211,-3735.957459969409
1212,-3327.665635102295
1213,-3615.51137163361
1214,-3037.7784394466444
1215,-2647.1792603237723
1216,-3356.9265492177715
1217,-3917.647322035274
1218,-3412.7264319496103
1219,-3327.665635102295
1220,-2851.325172757329
1221,-3742.762323717194
1222,-3695.1282774826973
1223,-3531.811547535852
1224,-3537.25543853408
1225,-3255.5340793757714
1226,-3291.5998572390336
1227,-3655.660067745543
1228,-3789.0353972021335
1229,-3218.7878151377313
1230,-3237.84143363153
1231,-3084.0515129315836
1232,-2990.824879586926
1233,-3822.379229566281
1234,-3464.443396432778
1235,-3769.981778708335
1236,-3327.665635102295
1237,-3735.957459969409
1238,-3123.5197226687383
1239,-3050.707680567436
1240,-3497.787228796926
1241,-3116.714858920953
1242,-2919.3738102351813
1243,-3395.7142725801473
1244,-3459.6799918093284
1245,-3917.647322035274
1246,-3723.0282188486167
1247,-3191.5683601465903
1248,-3656.3405541203215
1249,-3917.647322035274
1250,-3737.3184327189656
1251,-3863.888898427771
1252,-3171.153768903235
1253,-3055.471085190886
1254,-3501.1896606708183
1255,-2184.4485254743768
1256,-3361.689953841221
1257,-2926.1786739829668
1258,-3189.5269010222546
1259,-3567.196839024335
1260,-3703.974600354818
1261,-3917.647322035274
1262,-3776.78664245612
1263,-3567.196839024335
1264,-2783.276535279477
1265,-3917.647322035274
1266,-3603.943103262375
1267,-3637.286935626523
1268,-3327.665635102295
1269,-3429.7385913190733
1270,-3499.1482015464826
1271,-3917.647322035274
1272,-3037.7784394466444
1273,-3429.7385913190733
1274,-3772.0232378326705
1275,-3789.0353972021335
1276,-3497.787228796926
1277,-3064.317408063007
1278,-3349.4411990952076
1279,-3737.998919093744
1280,-3372.577735837677
1281,-3153.4611231589934
1282,-3295.0022891129256
1283,-3570.5992708982276
1284,-3189.5269010222546
1285,-3018.044334578067
1286,-3548.1432205305364
1287,-3537.25543853408
1288,-3443.348318814644
1289,-3350.802171844765
1290,-3071.122271810792
1291,-3464.443396432778
1292,-3497.787228796926
1293,-3382.785031459355
1294,-3599.860185013704
1295,-3365.092385715114
1296,-3808.7695020707106
1297,-3810.8109611950463
1298,-3735.957459969409
1299,-3593.735807640697
1300,-3576.723648271234
1301,-2858.1300365051143
1302,-3443.348318814644
1303,-3531.811547535852
1304,-3293.641316363369
1305,-3153.4611231589934
1306,-3808.7695020707106
1307,-3637.286935626523
1308,-2792.803344526376
1309,-3616.1918580083884
1310,-3810.8109611950463
1311,-2850.6446863825504
1312,-3463.7629100579998
1313,-3863.888898427771
1314,-3349.4411990952076
1315,-2732.2400571710878
1316,-3742.762323717194
1317,-2817.300854018403
1318,-3604.6235896371536
1319,-3531.811547535852
1320,-3808.7695020707106
1321,-3050.707680567436
1322,-3443.348318814644
1323,-3372.577735837677
1324,-3917.647322035274
1325,-3495.0652832978117
1326,-3485.538474050912
1327,-3810.8109611950463
1328,-3917.647322035274
1329,-3655.660067745543
1330,-3395.7142725801473
1331,-3785.632965328241
1332,-2647.1792603237723
1333,-2647.1792603237723
1334,-3349.4411990952076
1335,-3741.401350967637
1336,-3531.811547535852
1337,-3814.893879443717
1338,-3689.684386484469
1339,-3412.7264319496103
1340,-3177.2781462762414
1341,-3742.762323717194
1342,-3328.346121477073
1343,-3737.3184327189656
1344,-3655.660067745543
1345,-3420.8922684469526
1346,-3723.0282188486167
1347,-3769.981778708335
1348,-3372.577735837677
1349,-3420.8922684469526
1350,-3255.5340793757714
1351,-3869.332789425999
1352,-3537.9359249088584
1353,-3305.890071109382
1354,-3917.647322035274
1355,-3789.0353972021335
1356,-3674.033199864563
1357,-3708.738004978268
1358,-3594.4162940154756
1359,-3116.0343725461744
1360,-3865.9303575521067
1361,-3565.835866274778
1362,-3737.3184327189656
1363,-3667.9088224915563
1364,-3917.647322035274
1365,-3723.0282188486167
1366,-3703.974600354818
1367,-3776.78664245612
1368,-3808.7695020707106
1369,-3316.09736673106
1370,-3259.616997624443
1371,-3701.9331412304828
1372,-3825.7816614401736
1373,-3259.616997624443
1374,-3123.5197226687383
1375,-3723.0282188486167
1376,-3259.616997624443
1377,-2272.9117541955848
1378,-3780.1890743300128
1379,-3497.787228796926
1380,-3372.577735837677
1381,-3361.689953841221
1382,-3769.981778708335
1383,-3259.616997624443
1384,-3463.7629100579998
1385,-3497.787228796926
1386,-3259.616997624443
1387,-3501.1896606708183
1388,-3420.8922684469526
1389,-3656.3405541203215
1390,-3495.0652832978117
1391,-3403.199622702711
1392,-3181.3610645249128
1393,-3804.006097447261
1394,-3497.787228796926
1395,-3798.5622064490326
1396,-3779.5085879552344
1397,-3189.5269010222546
1398,-3516.1603609159456
1399,-3810.8109611950463
1400,-2524.0112264888594
1401,-3531.811547535852
1402,-3382.785031459355
1403,-3718.9453005999458
1404,-3497.787228796926
1405,-3217.426842388174
1406,-3627.7601263796237
1407,-3565.835866274778
1408,-3722.3477324738383
1409,-2817.981340393181
1410,-3189.5269010222546
1411,-3588.972403017248
1412,-3917.647322035274
1413,-2918.693323860403
1414,-3416.128863823503
1415,-3495.0652832978117
1416,-3789.0353972021335
1417,-3917.647322035274
1418,-3844.8352799339723
1419,-3603.943103262375
1420,-3113.3124270470603
1421,-3537.25543853408
1422,-3761.135455836214
1423,-3655.660067745543
1424,-3504.592092544711
1425,-3708.738004978268
1426,-3443.348318814644
1427,-3789.0353972021335
1428,-2919.3738102351813
1429,-3776.78664245612
1430,-3501.1896606708183
1431,-3808.7695020707106
1432,-3191.5683601465903
1433,-3412.7264319496103
1434,-3171.153768903235
1435,-3737.3184327189656
1436,-3421.572754821731
1437,-3485.538474050912
1438,-3772.0232378326705
1439,-3604.6235896371536
1440,-3917.647322035274
1441,-3737.3184327189656
1442,-3217.426842388174
1443,-3708.738004978268
1444,-3217.426842388174
1445,-3416.128863823503
1446,-3191.5683601465903
1447,-3116.714858920953
1448,-3395.7142725801473
1449,-3570.5992708982276
1450,-3498.467715171704
1451,-3361.689953841221
1452,-3416.128863823503
1453,-3789.0353972021335
1454,-3463.7629100579998
1455,-3405.2410818270464
1456,-3917.647322035274
1457,-3282.7535343669124
1458,-3361.689953841221
1459,-3499.1482015464826
1460,-3737.3184327189656
1461,-2987.4224477130338
1462,-3403.199622702711
1463,-3443.348318814644
1464,-3327.665635102295
1465,-3570.5992708982276
1466,-3259.616997624443
1467,-3769.981778708335
1468,-3420.8922684469526
1469,-3718.9453005999458
1470,-3674.033199864563
1471,-3917.647322035274
1472,-3218.7878151377313
1473,-3742.762323717194
1474,-3531.811547535852
1475,-3531.811547535852
1476,-3603.943103262375
1477,-3594.4162940154756
1478,-3349.4411990952076
1479,-3282.7535343669124
1480,-2951.3566698497716
1481,-3463.7629100579998
1482,-3485.538474050912
1483,-3570.5992708982276
1484,-3708.738004978268
1485,-3742.0818373424154
1486,-3328.346121477073
1487,-3637.286935626523
1488,-3504.592092544711
1489,-3372.577735837677
1490,-3801.9646383229256
1491,-3064.317408063007
1492,-3785.632965328241
1493,-3349.4411990952076
1494,-3588.972403017248
1495,-3463.7629100579998
1496,-3255.5340793757714
1497,-3565.835866274778
1498,-3123.5197226687383
1499,-3703.974600354818
1500,-3497.787228796926
1501,-3746.1647555910868
1502,-3327.665635102295
1503,-3709.418491353046
1504,-3741.401350967637
1505,-3237.84143363153
1506,-3680.15757723757
1507,-3485.538474050912
1508,-3497.787228796926
1509,-3805.367070196818
1510,-3327.665635102295
1511,-2732.2400571710878
1512,-3153.4611231589934
1513,-3742.762323717194
1514,-3321.541257729288
1515,-3328.346121477073
1516,-3416.128863823503
1517,-2851.325172757329
1518,-3741.401350967637
1519,-3527.7286292871804
1520,-3537.25543853408
1521,-3463.7629100579998
1522,-3756.3720512127643
1523,-3218.7878151377313
1524,-3531.811547535852
1525,-3593.735807640697
1526,-3718.9453005999458
1527,-3395.7142725801473
1528,-3616.1918580083884
1529,-3565.835866274778
1530,-3037.7784394466444
1531,-3565.835866274778
1532,-3655.660067745543
1533,-3305.890071109382
1534,-3603.943103262375
1535,-2570.964786348578
1536,-3655.660067745543
1537,-3409.324000075718
1538,-3737.3184327189656
1539,-3633.8845037526303
1540,-2720.671788799853
1541,-2924.1372148586306
1542,-2174.241229852699
1543,-3282.7535343669124
1544,-3504.592092544711
1545,-3838.030416186187
1546,-3570.5992708982276
1547,-3737.3184327189656
1548,-3361.689953841221
1549,-3499.1482015464826
1550,-3741.401350967637
1551,-3703.974600354818
1552,-3917.647322035274
1553,-3655.660067745543
1554,-3918.327808410053
1555,-3501.1896606708183
1556,-3024.168711951074
1557,-3742.0818373424154
1558,-3594.4162940154756
1559,-2525.372199238416
1560,-3537.25543853408
1561,-3708.738004978268
1562,-3395.7142725801473
1563,-3038.458925821423
1564,-2987.4224477130338
1565,-3723.0282188486167
1566,-3295.6827754877045
1567,-3531.811547535852
1568,-2919.3738102351813
1569,-2517.886849115853
1570,-3786.993938077798
1571,-3863.888898427771
1572,-3722.3477324738383
1573,-3637.967422001301
1574,-3718.9453005999458
1575,-3779.5085879552344
1576,-3516.1603609159456
1577,-3599.860185013704
1578,-3627.7601263796237
1579,-3395.7142725801473
1580,-3703.974600354818
1581,-3599.860185013704
1582,-3416.128863823503
1583,-3504.592092544711
1584,-3786.993938077798
1585,-3189.5269010222546
1586,-3189.5269010222546
1587,-3463.7629100579998
1588,-3485.538474050912
1589,-3703.974600354818
1590,-3463.7629100579998
1591,-3412.7264319496103
1592,-3810.8109611950463
1593,-3825.7816614401736
1594,-3823.0597159410595
1595,-2489.9869077499334
1596,-3746.1647555910868
1597,-3742.762323717194
1598,-3917.647322035274
1599,-3637.286935626523
1600,-3443.348318814644
1601,-2973.812720217463
1602,-3463.7629100579998
1603,-3463.7629100579998
1604,-3349.4411990952076
1605,-3443.348318814644
1606,-3838.030416186187
1607,-3123.5197226687383
1608,-3412.7264319496103
1609,-3785.632965328241
1610,-3293.641316363369
1611,-3561.072461651328
1612,-3695.1282774826973
1613,-3527.048142912402
1614,-3746.1647555910868
1615,-3237.84143363153
1616,-3723.0282188486167
1617,-3742.762323717194
1618,-3863.888898427771
1619,-3395.7142725801473
1620,-3217.426842388174
1621,-3128.963613666966
1622,-3742.0818373424154
1623,-3735.957459969409
1624,-3776.78664245612
1625,-3789.0353972021335
1626,-3123.5197226687383
1627,-3037.7784394466444
1628,-3786.993938077798
1629,-2522.6502537393026
1630,-3416.128863823503
1631,-3917.647322035274
1632,-3084.0515129315836
1633,-2783.276535279477
1634,-3567.196839024335
1635,-3567.196839024335
1636,-3742.762323717194
1637,-3825.101175065395
1638,-3801.9646383229256
1639,-3495.0652832978117
1640,-3863.888898427771
1641,-2918.693323860403
1642,-3708.738004978268
1643,-3637.967422001301
1644,-3123.5197226687383
1645,-3293.641316363369
1646,-2181.0460936004843
1647,-3037.7784394466444
1648,-3463.7629100579998
1649,-3259.616997624443
1650,-3785.632965328241
1651,-3463.7629100579998
1652,-3703.974600354818
1653,-3779.5085879552344
1654,-3604.6235896371536
1655,-3838.030416186187
1656,-3412.7264319496103
1657,-3838.030416186187
1658,-3123.5197226687383
1659,-3633.8845037526303
1660,-3741.401350967637
1661,-3603.943103262375
1662,-3655.660067745543
1663,-3372.577735837677
1664,-2539.6624131087656
1665,-3531.811547535852
1666,-3822.379229566281
1667,-3056.832057940443
1668,-3412.7264319496103
1669,-3463.7629100579998
1670,-3191.5683601465903
1671,-3412.7264319496103
1672,-3918.327808410053
1673,-3825.7816614401736
1674,-3718.9453005999458
1675,-3327.665635102295
1676,-3612.789426134496
1677,-3497.787228796926
1678,-3422.9337275712883
1679,-3463.7629100579998
1680,-3599.860185013704
1681,-3050.707680567436
1682,-3305.890071109382
1683,-3779.5085879552344
1684,-3495.0652832978117
1685,-3436.5434550668588
1686,-3305.890071109382
1687,-3328.346121477073
1688,-3565.835866274778
1689,-3603.943103262375
1690,-3237.84143363153
1691,-3838.030416186187
1692,-3537.25543853408
1693,-3153.4611231589934
1694,-3863.888898427771
1695,-3735.957459969409
1696,-3501.1896606708183
1697,-3237.84143363153
1698,-3409.324000075718
1699,-3349.4411990952076
1700,-3789.0353972021335
1701,-3259.616997624443
1702,-3498.467715171704
1703,-3056.832057940443
1704,-3116.0343725461744
1705,-3293.641316363369
1706,-3789.0353972021335
1707,-3695.1282774826973
1708,-3917.647322035274
1709,-3785.632965328241
1710,-3667.9088224915563
1711,-3637.286935626523
1712,-3463.7629100579998
1713,-3328.346121477073
1714,-2987.4224477130338
1715,-3361.689953841221
1716,-3756.3720512127643
1717,-3789.0353972021335
1718,-3814.893879443717
1719,-3599.860185013704
1720,-2919.3738102351813
1721,-2817.300854018403
1722,-3349.4411990952076
1723,-3804.006097447261
1724,-2858.1300365051143
1725,-3463.7629100579998
1726,-3321.541257729288
1727,-3498.467715171704
1728,-3174.5562007771277
1729,-3495.0652832978117
1730,-2494.0698259986048
1731,-3531.811547535852
1732,-3191.5683601465903
1733,-3756.3720512127643
1734,-3293.641316363369
1735,-3217.426842388174
1736,-2990.824879586926
1737,-3567.196839024335
1738,-3838.030416186187
1739,-2851.325172757329
1740,-2579.13062284592
1741,-3869.332789425999
1742,-3527.048142912402
1743,-3667.9088224915563
1744,-3499.1482015464826
1745,-3259.616997624443
1746,-3495.0652832978117
1747,-3917.647322035274
1748,-3735.957459969409
1749,-3637.286935626523
1750,-3769.981778708335
1751,-3855.0425755556503
1752,-3084.0515129315836
1753,-3718.9453005999458
1754,-3599.860185013704
1755,-3795.15977457514
1756,-3123.5197226687383
1757,-3637.286935626523
1758,-2471.6137756309136
1759,-3776.78664245612
1760,-2987.4224477130338
1761,-3259.616997624443
1762,-3349.4411990952076
1763,-2984.700502213919
1764,-3576.723648271234
1765,-3531.811547535852
1766,-3217.426842388174
1767,-3637.286935626523
1768,-2555.3135997286718
1769,-3637.967422001301
1770,-3293.641316363369
1771,-3780.1890743300128
1772,-3349.4411990952076
1773,-3191.5683601465903
1774,-2489.9869077499334
1775,-3655.660067745543
1776,-3443.348318814644
1777,-3863.888898427771
1778,-3499.1482015464826
1779,-3708.738004978268
1780,-3616.1918580083884
1781,-3742.762323717194
1782,-3637.286935626523
1783,-3718.9453005999458
1784,-3571.279757273006
1785,-3443.348318814644
1786,-3189.5269010222546
1787,-3395.7142725801473
1788,-3722.3477324738383
1789,-3084.0515129315836
1790,-3463.7629100579998
1791,-3779.5085879552344
1792,-3742.762323717194
1793,-3593.735807640697
1794,-3723.0282188486167
1795,-3497.787228796926
1796,-3159.585500532
1797,-3293.641316363369
1798,-3565.835866274778
1799,-3633.8845037526303
1800,-3779.5085879552344
1801,-3656.3405541203215
1802,-3501.1896606708183
1803,-3537.25543853408
1804,-3412.7264319496103
1805,-3565.835866274778
1806,-3501.1896606708183
1807,-3150.739177659879
1808,-3084.0515129315836
1809,-3789.0353972021335
1810,-3737.998919093744
1811,-3655.660067745543
1812,-3293.641316363369
1813,-3603.943103262375
1814,-3779.5085879552344
1815,-3282.7535343669124
1816,-2820.022799517517
1817,-3737.3184327189656
1818,-3327.665635102295
1819,-3718.9453005999458
1820,-2579.13062284592
1821,-3349.4411990952076
1822,-3429.7385913190733
1823,-3917.647322035274
1824,-3723.0282188486167
1825,-3527.7286292871804
1826,-3703.974600354818
1827,-3436.5434550668588
1828,-3497.787228796926
1829,-3123.5197226687383
1830,-3527.048142912402
1831,-3189.5269010222546
1832,-3838.030416186187
1833,-3237.84143363153
1834,-3655.660067745543
1835,-3742.762323717194
1836,-3037.7784394466444
1837,-2639.01342382643
1838,-3218.7878151377313
1839,-3593.735807640697
1840,-3177.2781462762414
1841,-3328.346121477073
1842,-3565.835866274778
1843,-3814.893879443717
1844,-3189.5269010222546
1845,-3917.647322035274
1846,-3021.44676645196
1847,-3866.610843926885
1848,-3217.426842388174
1849,-2732.2400571710878
1850,-3593.735807640697
1851,-3191.5683601465903
1852,-3327.665635102295
1853,-3395.7142725801473
1854,-3293.641316363369
1855,-3616.1918580083884
1856,-3780.1890743300128
1857,-3667.9088224915563
1858,-3769.981778708335
1859,-3612.789426134496
1860,-3321.541257729288
1861,-3485.538474050912
1862,-3259.616997624443
1863,-3779.5085879552344
1864,-3409.324000075718
1865,-3822.379229566281
1866,-3735.957459969409
1867,-3565.835866274778
1868,-3409.324000075718
1869,-3316.09736673106
1870,-2715.2278978016247
1871,-3742.762323717194
1872,-3655.660067745543
1873,-3723.0282188486167
1874,-3354.885090093436
1875,-3159.585500532
1876,-3763.1769149605498
1877,-3259.616997624443
1878,-3737.998919093744
1879,-3123.5197226687383
1880,-3917.647322035274
1881,-2984.700502213919
1882,-3497.787228796926
1883,-3918.327808410053
1884,-3855.0425755556503
1885,-3443.348318814644
1886,-3217.426842388174
1887,-3804.006097447261
1888,-3780.1890743300128
1889,-3637.286935626523
1890,-3603.943103262375
1891,-3863.888898427771
1892,-3695.1282774826973
1893,-3395.7142725801473
1894,-3565.835866274778
1895,-2919.3738102351813
1896,-3655.660067745543
1897,-3718.9453005999458
1898,-3723.0282188486167
1899,-3189.5269010222546
1900,-3765.218374084885
1901,-3616.1918580083884
1902,-3416.128863823503
1903,-3537.25543853408
1904,-3593.735807640697
1905,-3327.665635102295
1906,-3588.972403017248
1907,-3123.5197226687383
1908,-2924.1372148586306
1909,-2918.693323860403
1910,-3293.641316363369
1911,-3746.1647555910868
1912,-2984.700502213919
1913,-3537.25543853408
1914,-2639.01342382643
1915,-3756.3720512127643
1916,-3863.888898427771
1917,-3499.1482015464826
1918,-3703.974600354818
1919,-3722.3477324738383
1920,-2820.022799517517
1921,-3024.168711951074
1922,-3037.7784394466444
1923,-3737.998919093744
1924,-3785.632965328241
1925,-3637.286935626523
1926,-3361.689953841221
1927,-3527.7286292871804
1928,-3191.5683601465903
1929,-3322.2217441040666
1930,-3501.1896606708183
1931,-3917.647322035274
1932,-3412.7264319496103
1933,-3171.153768903235
1934,-3917.647322035274
1935,-3349.4411990952076
1936,-2987.4224477130338
1937,-3737.3184327189656
1938,-3217.426842388174
1939,-3769.981778708335
1940,-3365.092385715114
1941,-3737.3184327189656
1942,-3633.8845037526303
1943,-3795.15977457514
1944,-3769.981778708335
1945,-3863.888898427771
1946,-3570.5992708982276
1947,-3350.121685469986
1948,-3327.665635102295
1949,-3825.101175065395
1950,-3218.7878151377313
1951,-3616.1918580083884
1952,-3804.006097447261
1953,-3776.78664245612
1954,-3501.1896606708183
1955,-3603.943103262375
1956,-3171.153768903235
1957,-3795.15977457514
1958,-3372.577735837677
1959,-3350.121685469986
1960,-3917.647322035274
1961,-3689.684386484469
1962,-3499.1482015464826
1963,-3531.811547535852
1964,-3763.1769149605498
1965,-3701.9331412304828
1966,-3123.5197226687383
1967,-3917.647322035274
1968,-3633.8845037526303
1969,-3855.0425755556503
1970,-3822.379229566281
1971,-2272.9117541955848
1972,-3123.5197226687383
1973,-3382.785031459355
1974,-3776.78664245612
1975,-3570.5992708982276
1976,-3786.993938077798
1977,-3637.286935626523
1978,-3723.0282188486167
1979,-3742.762323717194
1980,-3838.030416186187
1981,-3603.943103262375
1982,-3808.7695020707106
1983,-3703.974600354818
1984,-3084.0515129315836
1985,-3171.153768903235
1986,-3838.030416186187
1987,-3017.3638482032884
1988,-3497.787228796926
1989,-3372.577735837677
1990,-3501.1896606708183
1991,-3395.7142725801473
1992,-3616.1918580083884
1993,-3189.5269010222546
1994,-3737.3184327189656
1995,-3443.348318814644
1996,-2612.4744552100674
1997,-3655.660067745543
1998,-3327.665635102295
1999,-3655.660067745543
2000,-3217.426842388174
2001,-3501.1896606708183
2002,-2987.4224477130338
2003,-3361.689953841221
2004,-3722.3477324738383
2005,-3454.2361008111
2006,-3804.006097447261
2007,-3497.787228796926
2008,-3917.647322035274
2009,-3616.1918580083884
2010,-3390.9508679566975
2011,-3801.9646383229256
2012,-3723.0282188486167
2013,-3055.471085190886
2014,-3723.0282188486167
2015,-3463.7629100579998
2016,-3804.006097447261
2017,-3917.647322035274
2018,-3570.5992708982276
2019,-3858.445007429543
2020,-3371.2167630881204
2021,-3603.943103262375
2022,-3863.888898427771
2023,-3763.1769149605498
2024,-3722.3477324738383
2025,-3866.610843926885
2026,-3123.5197226687383
2027,-2919.3738102351813
2028,-3064.317408063007
2029,-3259.616997624443
2030,-3497.787228796926
2031,-3463.7629100579998
2032,-3825.7816614401736
2033,-3627.7601263796237
2034,-2792.803344526376
2035,-3548.1432205305364
2036,-3805.367070196818
2037,-3667.9088224915563
2038,-3218.7878151377313
2039,-2639.01342382643
2040,-3217.426842388174
2041,-3501.1896606708183
2042,-2820.022799517517
2043,-3863.888898427771
2044,-2817.300854018403
2045,-3443.348318814644
2046,-3321.541257729288
2047,-2187.8509573482693
2048,-3504.592092544711
2049,-3917.647322035274
2050,-3570.5992708982276
2051,-3776.78664245612
2052,-3463.7629100579998
2053,-3295.6827754877045
2054,-3822.379229566281
2055,-3225.5926788855168
2056,-3463.7629100579998
2057,-3822.379229566281
2058,-3390.9508679566975
2059,-3531.811547535852
2060,-3463.7629100579998
2061,-3116.714858920953
2062,-3695.1282774826973
2063,-3354.885090093436
2064,-3838.030416186187
2065,-3604.6235896371536
2066,-3548.1432205305364
2067,-3504.592092544711
2068,-3917.647322035274
2069,-3785.632965328241
2070,-3123.5197226687383
2071,-3798.5622064490326
2072,-3737.3184327189656
2073,-3171.153768903235
2074,-3869.332789425999
2075,-3723.0282188486167
2076,-3656.3405541203215
2077,-3637.967422001301
2078,-3485.538474050912
2079,-3917.647322035274
2080,-3599.860185013704
2081,-3499.1482015464826
2082,-3371.2167630881204
2083,-3756.3720512127643
2084,-3742.0818373424154
2085,-3616.1918580083884
2086,-3838.030416186187
2087,-3305.890071109382
2088,-2997.6297433347117
2089,-3838.030416186187
2090,-3667.9088224915563
2091,-3776.78664245612
2092,-3064.317408063007
2093,-3769.981778708335
2094,-3633.8845037526303
2095,-3123.5197226687383
2096,-3763.1769149605498
2097,-3485.538474050912
2098,-2987.4224477130338
2099,-3855.0425755556503
2100,-3463.7629100579998
2101,-3742.762323717194
2102,-3737.998919093744
2103,-3593.735807640697
2104,-3429.7385913190733
2105,-3504.592092544711
2106,-3776.78664245612
2107,-3349.4411990952076
2108,-3655.660067745543
2109,-3153.4611231589934
2110,-3637.286935626523
2111,-3571.279757273006
2112,-3689.684386484469
2113,-2987.4224477130338
2114,-3729.833082596402
2115,-3737.998919093744
2116,-3104.4661041749396
2117,-3295.0022891129256
2118,-2364.777414790685
2119,-3189.5269010222546
2120,-3328.346121477073
2121,-3674.033199864563
2122,-3259.616997624443
2123,-3855.0425755556503
2124,-3349.4411990952076
2125,-3917.647322035274
2126,-3763.1769149605498
2127,-3495.0652832978117
2128,-3863.888898427771
2129,-3017.3638482032884
2130,-3844.8352799339723
2131,-3485.538474050912
2132,-2639.01342382643
2133,-3327.665635102295
2134,-3742.0818373424154
2135,-2905.0835963648324
2136,-3355.565576468214
2137,-3327.665635102295
2138,-3371.2167630881204
2139,-3655.660067745543
2140,-3917.647322035274
2141,-3259.616997624443
2142,-3769.981778708335
2143,-3217.426842388174
2144,-3917.647322035274
2145,-3633.8845037526303
2146,-3565.835866274778
2147,-3825.7816614401736
2148,-3565.835866274778
2149,-3825.101175065395
2150,-3735.957459969409
2151,-3825.7816614401736
2152,-3917.647322035274
2153,-3409.324000075718
2154,-3746.1647555910868
2155,-3463.7629100579998
2156,-3177.2781462762414
2157,-3361.689953841221
2158,-3825.7816614401736
2159,-3349.4411990952076
2160,-2970.4102883435708
2161,-3443.348318814644
2162,-2919.3738102351813
2163,-3295.6827754877045
2164,-3416.128863823503
2165,-3838.030416186187
2166,-2919.3738102351813
2167,-3293.641316363369
2168,-3779.5085879552344
2169,-3603.943103262375
2170,-3104.4661041749396
2171,-3495.0652832978117
2172,-3785.632965328241
2173,-3723.0282188486167
2174,-3779.5085879552344
2175,-3171.153768903235
2176,-3463.7629100579998
2177,-3328.346121477073
2178,-3810.8109611950463
2179,-3064.317408063007
2180,-3412.7264319496103
2181,-3282.7535343669124
2182,-3637.967422001301
2183,-3217.426842388174
2184,-3689.684386484469
2185,-3305.890071109382
2186,-3723.0282188486167
2187,-2973.1322338426844
2188,-3084.0515129315836
2189,-3476.6921511787914
2190,-3838.030416186187
2191,-3189.5269010222546
2192,-3576.723648271234
2193,-3217.426842388174
2194,-3742.762323717194
2195,-3776.78664245612
2196,-3361.689953841221
2197,-3537.9359249088584
2198,-3395.7142725801473
2199,-3038.458925821423
2200,-3917.647322035274
2201,-3779.5085879552344
2202,-2817.300854018403
2203,-3413.4069183243887
2204,-3723.0282188486167
2205,-2421.257783897303
2206,-3463.7629100579998
2207,-3416.128863823503
2208,-2177.6436617265913
2209,-3504.592092544711
2210,-3349.4411990952076
2211,-3785.632965328241
2212,-3350.121685469986
2213,-3567.196839024335
2214,-3789.0353972021335
2215,-3917.647322035274
2216,-3612.789426134496
2217,-3123.5197226687383
2218,-3786.993938077798
2219,-3497.787228796926
2220,-3633.8845037526303
2221,-3191.5683601465903
2222,-3104.4661041749396
2223,-3372.577735837677
2224,-3531.811547535852
2225,-2596.142782215383
2226,-3785.632965328241
2227,-3718.9453005999458
2228,-3599.860185013704
2229,-3463.7629100579998
2230,-3327.665635102295
2231,-3463.7629100579998
2232,-3413.4069183243887
2233,-3863.888898427771
2234,-2732.2400571710878
2235,-3237.84143363153
2236,-3746.1647555910868
2237,-2987.4224477130338
2238,-3603.943103262375
2239,-3761.135455836214
2240,-2950.676183474993
2241,-3295.6827754877045
2242,-3718.9453005999458
2243,-3531.811547535852
2244,-2579.13062284592
2245,-3531.811547535852
2246,-3633.8845037526303
2247,-3776.78664245612
2248,-3420.8922684469526
2249,-2984.700502213919
2250,-3838.030416186187
2251,-3123.5197226687383
2252,-3282.7535343669124
2253,-3497.787228796926
2254,-3637.286935626523
2255,-2489.9869077499334
2256,-3655.660067745543
2257,-3789.0353972021335
2258,-3497.787228796926
2259,-3531.811547535852
2260,-3327.665635102295
2261,-3633.8845037526303
2262,-3825.7816614401736
2263,-3737.998919093744
2264,-3742.762323717194
2265,-3463.7629100579998
2266,-3838.030416186187
2267,-3171.153768903235
2268,-3917.647322035274
2269,-3742.762323717194
2270,-3327.665635102295
2271,-3123.5197226687383
2272,-3217.426842388174
2273,-3548.1432205305364
2274,-3765.218374084885
2275,-3633.8845037526303
2276,-3789.0353972021335
2277,-3328.346121477073
2278,-3128.963613666966
2279,-3537.25543853408
2280,-3723.0282188486167
2281,-3064.317408063007
2282,-3789.0353972021335
2283,-3795.15977457514
2284,-3349.4411990952076
2285,-2987.4224477130338
2286,-3708.738004978268
2287,-3153.4611231589934
2288,-3621.6357490066166
2289,-3565.835866274778
2290,-3501.1896606708183
2291,-3395.7142725801473
2292,-3565.835866274778
2293,-3603.943103262375
2294,-3756.3720512127643
2295,-3798.5622064490326
2296,-3495.0652832978117
2297,-3356.9265492177715
2298,-3259.616997624443
2299,-3499.1482015464826
2300,-3865.9303575521067
2301,-3627.7601263796237
2302,-3838.030416186187
2303,-3917.647322035274
2304,-3603.943103262375
2305,-3390.9508679566975
2306,-3718.9453005999458
2307,-3531.811547535852
2308,-3443.348318814644
2309,-3123.5197226687383
2310,-3017.3638482032884
2311,-2732.2400571710878
2312,-3627.7601263796237
2313,-3785.632965328241
2314,-3327.665635102295
2315,-3593.735807640697
2316,-2919.3738102351813
2317,-3017.3638482032884
2318,-3917.647322035274
2319,-3218.7878151377313
2320,-3917.647322035274
2321,-3667.9088224915563
2322,-3804.006097447261
2323,-3084.0515129315836
2324,-3443.348318814644
2325,-3825.101175065395
2326,-3548.1432205305364
2327,-3917.647322035274
2328,-3855.0425755556503
2329,-3804.006097447261
2330,-3742.762323717194
2331,-3689.684386484469
2332,-3191.5683601465903
2333,-3237.84143363153
2334,-3779.5085879552344
2335,-3917.647322035274
2336,-3157.5440414076643
2337,-3703.974600354818
2338,-3349.4411990952076
2339,-3917.647322035274
2340,-3917.647322035274
2341,-3917.647322035274
2342,-3637.286935626523
2343,-2477.0576666291417
2344,-3123.5197226687383
2345,-2751.9741620396644
2346,-2858.1300365051143
2347,-3463.7629100579998
2348,-3443.348318814644
2349,-3295.6827754877045
2350,-2919.3738102351813
2351,-3548.1432205305364
2352,-3917.647322035274
2353,-3349.4411990952076
2354,-3501.1896606708183
2355,-3395.7142725801473
2356,-3779.5085879552344
2357,-3789.0353972021335
2358,-3703.974600354818
2359,-3863.888898427771
2360,-3616.1918580083884
2361,-3293.641316363369
2362,-3722.3477324738383
2363,-3567.196839024335
2364,-3255.5340793757714
2365,-3588.972403017248
2366,-3599.860185013704
2367,-3443.348318814644
2368,-3789.0353972021335
2369,-3327.665635102295
2370,-3327.665635102295
2371,-3570.5992708982276
2372,-3637.286935626523
2373,-3349.4411990952076
2374,-3327.665635102295
2375,-3703.974600354818
2376,-3804.006097447261
2377,-3037.7784394466444
2378,-3497.787228796926
2379,-3217.426842388174
2380,-2919.3738102351813
2381,-3499.1482015464826
2382,-3420.8922684469526
2383,-3371.2167630881204
2384,-2838.395931636537
2385,-3395.7142725801473
2386,-2588.6574320928194
2387,-2984.700502213919
2388,-3593.735807640697
2389,-3293.641316363369
2390,-3637.286935626523
2391,-3463.7629100579998
2392,-3537.25543853408
2393,-3742.0818373424154
2394,-3412.7264319496103
2395,-3840.0718753105225
2396,-3501.1896606708183
2397,-3283.434020741691
2398,-3365.092385715114
2399,-3603.943103262375
2400,-3171.153768903235
2401,-3737.3184327189656
2402,-3409.324000075718
2403,-3603.943103262375
2404,-3497.787228796926
2405,-3395.7142725801473
2406,-3855.0425755556503
2407,-3599.860185013704
2408,-3504.592092544711
2409,-3917.647322035274
2410,-3327.665635102295
2411,-3567.196839024335
2412,-3537.25543853408
2413,-3735.957459969409
2414,-3104.4661041749396
2415,-3593.735807640697
2416,-3858.445007429543
2417,-3723.0282188486167
2418,-3361.689953841221
2419,-3655.660067745543
2420,-3443.348318814644
2421,-3501.1896606708183
2422,-2579.13062284592
2423,-3742.762323717194
2424,-3769.981778708335
2425,-3633.8845037526303
2426,-2259.302026700014
2427,-3037.7784394466444
2428,-3321.541257729288
2429,-3689.684386484469
2430,-3504.592092544711
2431,-3844.8352799339723
2432,-3765.218374084885
2433,-2997.6297433347117
2434,-3555.6285706531
2435,-3463.7629100579998
2436,-3259.616997624443
2437,-3190.207387397033
2438,-3786.993938077798
2439,-3395.7142725801473
2440,-2817.300854018403
2441,-3497.787228796926
2442,-3825.7816614401736
2443,-3516.1603609159456
2444,-3412.7264319496103
2445,-3017.3638482032884
2446,-3708.738004978268
2447,-3361.689953841221
2448,-3321.541257729288
2449,-3429.7385913190733
2450,-3561.072461651328
2451,-3593.735807640697
2452,-3356.9265492177715
2453,-2647.1792603237723
2454,-3443.348318814644
2455,-3789.0353972021335
2456,-3328.346121477073
2457,-3735.957459969409
2458,-3616.1918580083884
2459,-3116.714858920953
2460,-3497.787228796926
2461,-3038.458925821423
2462,-3722.3477324738383
2463,-3497.787228796926
2464,-3295.0022891129256
2465,-3463.7629100579998
2466,-3537.25543853408
2467,-3840.0718753105225
2468,-3531.811547535852
2469,-3255.5340793757714
2470,-3735.957459969409
2471,-3409.324000075718
2472,-3723.0282188486167
2473,-3655.660067745543
2474,-3037.7784394466444
2475,-3495.0652832978117
2476,-3537.25543853408
2477,-3361.689953841221
2478,-3674.033199864563
2479,-3858.445007429543
2480,-3055.471085190886
2481,-3814.893879443717
2482,-3217.426842388174
2483,-2951.3566698497716
2484,-3866.610843926885
2485,-3372.577735837677
2486,-3917.647322035274
2487,-3570.5992708982276
2488,-3876.137653173784
2489,-3361.689953841221
2490,-3701.9331412304828
2491,-3603.943103262375
2492,-3742.762323717194
2493,-3917.647322035274
2494,-3191.5683601465903
2495,-3304.529098359825
2496,-3917.647322035274
2497,-3680.15757723757
2498,-3789.0353972021335
2499,-3123.5197226687383
2500,-3735.957459969409
2501,-3055.471085190886
2502,-2987.4224477130338
2503,-3104.4661041749396
2504,-3463.7629100579998
2505,-3627.7601263796237
2506,-3548.1432205305364
2507,-2647.1792603237723
2508,-3324.943689603181
2509,-3565.835866274778
2510,-2612.4744552100674
2511,-3718.9453005999458
2512,-3218.7878151377313
2513,-3722.3477324738383
2514,-3780.1890743300128
2515,-3735.957459969409
2516,-3497.787228796926
2517,-2524.0112264888594
2518,-3390.9508679566975
2519,-3838.030416186187
2520,-3327.665635102295
2521,-3189.5269010222546
2522,-3718.9453005999458
2523,-3084.0515129315836
2524,-3565.835866274778
2525,-3779.5085879552344
2526,-2905.0835963648324
2527,-3171.153768903235
2528,-3421.572754821731
2529,-3499.1482015464826
2530,-3018.044334578067
2531,-2984.700502213919
2532,-3422.9337275712883
2533,-3531.811547535852
2534,-3795.15977457514
2535,-3454.2361008111
2536,-3361.689953841221
2537,-3565.835866274778
2538,-3708.738004978268
2539,-3412.7264319496103
2540,-3633.8845037526303
2541,-3917.647322035274
2542,-3565.835866274778
2543,-3123.5197226687383
2544,-3869.332789425999
2545,-3863.888898427771
2546,-3603.943103262375
2547,-3159.585500532
2548,-3917.647322035274
2549,-3718.9453005999458
2550,-3776.78664245612
2551,-3153.4611231589934
2552,-3531.811547535852
2553,-3350.121685469986
2554,-3217.426842388174
2555,-3656.3405541203215
2556,-3090.856376679369
2557,-3599.860185013704
2558,-3395.7142725801473
2559,-3737.3184327189656
2560,-3269.143806871342
2561,-3463.7629100579998
2562,-3917.647322035274
2563,-3531.811547535852
2564,-3918.327808410053
2565,-3722.3477324738383
2566,-3825.7816614401736
2567,-3150.739177659879
2568,-3603.943103262375
2569,-3780.1890743300128
2570,-3615.51137163361
2571,-3838.030416186187
2572,-2772.3887532830204
2573,-3917.647322035274
2574,-3708.738004978268
2575,-3789.0353972021335
2576,-3350.802171844765
2577,-3306.570557484161
2578,-3497.787228796926
2579,-2641.0548829507657
2580,-3237.84143363153
2581,-3123.5197226687383
2582,-3825.7816614401736
2583,-3917.647322035274
2584,-3917.647322035274
2585,-3735.957459969409
2586,-3588.972403017248
2587,-3282.7535343669124
2588,-3531.811547535852
2589,-3865.9303575521067
2590,-3769.981778708335
2591,-3171.153768903235
2592,-3761.135455836214
2593,-3742.762323717194
2594,-2820.022799517517
2595,-3701.9331412304828
2596,-2817.300854018403
2597,-2612.4744552100674
2598,-3497.787228796926
2599,-3037.7784394466444
2600,-3746.1647555910868
2601,-3531.811547535852
2602,-3565.835866274778
2603,-3588.972403017248
2604,-3327.665635102295
2605,-3603.943103262375
2606,-3844.8352799339723
2607,-3531.811547535852
2608,-3823.0597159410595
2609,-3429.7385913190733
2610,-3718.9453005999458
2611,-3259.616997624443
2612,-3548.1432205305364
2613,-3680.15757723757
2614,-3104.4661041749396
2615,-3722.3477324738383
2616,-3463.7629100579998
2617,-3765.218374084885
2618,-3017.3638482032884
2619,-3858.445007429543
2620,-3413.4069183243887
2621,-3655.660067745543
2622,-3737.998919093744
2623,-3655.660067745543
2624,-3395.7142725801473
2625,-3616.1918580083884
2626,-3561.072461651328
2627,-3599.860185013704
2628,-3604.6235896371536
2629,-3191.5683601465903
2630,-3237.84143363153
2631,-3722.3477324738383
2632,-3742.762323717194
2633,-3531.811547535852
2634,-3742.762323717194
2635,-3327.665635102295
2636,-3708.738004978268
2637,-3742.762323717194
2638,-3917.647322035274
2639,-3637.286935626523
2640,-3667.9088224915563
2641,-3737.998919093744
2642,-3294.321802738147
2643,-3703.974600354818
2644,-3361.689953841221
2645,-3252.131647501879
2646,-3798.5622064490326
2647,-3501.1896606708183
2648,-3604.6235896371536
2649,-3804.006097447261
2650,-3769.981778708335
2651,-3703.974600354818
2652,-3382.785031459355
2653,-3420.8922684469526
2654,-3429.7385913190733
2655,-3365.092385715114
2656,-3808.7695020707106
2657,-3722.3477324738383
2658,-3603.943103262375
2659,-3840.0718753105225
2660,-3825.101175065395
2661,-3723.0282188486167
2662,-3463.7629100579998
2663,-3709.418491353046
2664,-3123.5197226687383
2665,-3825.7816614401736
2666,-3504.592092544711
2667,-3742.762323717194
2668,-3361.689953841221
2669,-3633.8845037526303
2670,-2892.1543552440403
2671,-3395.7142725801473
2672,-3321.541257729288
2673,-3742.762323717194
2674,-3917.647322035274
2675,-3537.25543853408
2676,-3153.4611231589934
2677,-3498.467715171704
2678,-3412.7264319496103
2679,-3742.762323717194
2680,-3050.707680567436
2681,-2919.3738102351813
2682,-3218.7878151377313
2683,-2525.372199238416
2684,-3501.1896606708183
2685,-3655.660067745543
2686,-3189.5269010222546
2687,-3855.0425755556503
2688,-3084.0515129315836
2689,-3361.689953841221
2690,-3769.981778708335
2691,-3371.2167630881204
2692,-3565.835866274778
2693,-3395.7142725801473
2694,-3191.5683601465903
2695,-3548.1432205305364
2696,-2758.77902578745
2697,-3637.286935626523
2698,-3355.565576468214
2699,-3463.7629100579998
2700,-3293.641316363369
2701,-3604.6235896371536
2702,-3412.7264319496103
2703,-2919.3738102351813
2704,-3084.0515129315836
2705,-3361.689953841221
2706,-3531.811547535852
2707,-3293.641316363369
2708,-3499.1482015464826
2709,-3621.6357490066166
2710,-3443.348318814644
2711,-3565.835866274778
2712,-3295.6827754877045
2713,-2919.3738102351813
2714,-3729.833082596402
2715,-3527.048142912402
2716,-3779.5085879552344
2717,-3217.426842388174
2718,-3637.286935626523
2719,-3822.379229566281
2720,-2639.01342382643
2721,-3708.738004978268
2722,-3349.4411990952076
2723,-3917.647322035274
2724,-3463.7629100579998
2725,-3412.7264319496103
2726,-3789.0353972021335
2727,-3655.660067745543
2728,-3237.84143363153
2729,-3599.860185013704
2730,-3822.379229566281
2731,-3855.0425755556503
2732,-3765.218374084885
2733,-3917.647322035274
2734,-3918.327808410053
2735,-3786.993938077798
2736,-3695.1282774826973
2737,-3599.860185013704
2738,-3443.348318814644
2739,-3327.665635102295
2740,-3829.184093314066
2741,-3361.689953841221
2742,-3531.811547535852
2743,-3918.327808410053
2744,-3742.762323717194
2745,-3742.762323717194
2746,-3616.1918580083884
2747,-3113.3124270470603
2748,-2987.4224477130338
2749,-3420.8922684469526
2750,-3599.860185013704
2751,-3372.577735837677
2752,-3917.647322035274
2753,-3123.5197226687383
2754,-3090.856376679369
2755,-3588.972403017248
2756,-3735.957459969409
2757,-3531.811547535852
2758,-2954.7591017236646
2759,-3361.689953841221
2760,-3191.5683601465903
2761,-3633.8845037526303
2762,-3499.1482015464826
2763,-3604.6235896371536
2764,-3395.7142725801473
2765,-3855.0425755556503
2766,-3789.0353972021335
2767,-3537.25543853408
2768,-3463.7629100579998
2769,-3372.577735837677
2770,-3779.5085879552344
2771,-3372.577735837677
2772,-2685.286497311369
2773,-3779.5085879552344
2774,-3737.3184327189656
2775,-3189.5269010222546
2776,-3823.0597159410595
2777,-3599.860185013704
2778,-3501.1896606708183
2779,-3259.616997624443
2780,-3327.665635102295
2781,-2545.106304106994
2782,-3917.647322035274
2783,-3876.137653173784
2784,-3918.327808410053
2785,-3570.5992708982276
2786,-3798.5622064490326
2787,-3655.660067745543
2788,-3463.7629100579998
2789,-3865.9303575521067
2790,-3409.324000075718
2791,-3863.888898427771
2792,-3372.577735837677
2793,-3763.1769149605498
2794,-3656.3405541203215
2795,-3395.7142725801473
2796,-3485.538474050912
2797,-2820.022799517517
2798,-3742.762323717194
2799,-3181.3610645249128
2800,-3637.286935626523
2801,-3017.3638482032884
2802,-3123.5197226687383
2803,-2522.6502537393026
2804,-3548.1432205305364
2805,-3328.346121477073
2806,-3655.660067745543
2807,-3737.3184327189656
2808,-3917.647322035274
2809,-3667.9088224915563
2810,-3708.738004978268
2811,-3789.0353972021335
2812,-3037.7784394466444
2813,-3599.860185013704
2814,-3588.972403017248
2815,-3869.332789425999
2816,-2973.812720217463
2817,-3255.5340793757714
2818,-3171.153768903235
2819,-3795.15977457514
2820,-3838.030416186187
2821,-3615.51137163361
2822,-3420.8922684469526
2823,-3722.3477324738383
2824,-3838.030416186187
2825,-3808.7695020707106
2826,-2984.700502213919
2827,-3742.762323717194
2828,-2987.4224477130338
2829,-3786.993938077798
2830,-3656.3405541203215
2831,-3616.1918580083884
2832,-3612.789426134496
2833,-3497.787228796926
2834,-3443.348318814644
2835,-3772.0232378326705
2836,-2654.664610446336
2837,-3497.787228796926
2838,-3255.5340793757714
2839,-3531.811547535852
2840,-3537.25543853408
2841,-3571.279757273006
2842,-3723.0282188486167
2843,-3327.665635102295
2844,-3917.647322035274
2845,-3808.7695020707106
2846,-3395.7142725801473
2847,-3667.9088224915563
2848,-3723.0282188486167
2849,-2905.0835963648324
2850,-3038.458925821423
2851,-3422.9337275712883
2852,-3293.641316363369
2853,-3917.647322035274
2854,-3599.860185013704
2855,-3412.7264319496103
2856,-3865.9303575521067
2857,-3656.3405541203215
2858,-3667.9088224915563
2859,-2732.2400571710878
2860,-3497.787228796926
2861,-3037.7784394466444
2862,-3785.632965328241
2863,-3708.738004978268
2864,-3742.0818373424154
2865,-3395.7142725801473
2866,-2522.6502537393026
2867,-3365.092385715114
2868,-3621.6357490066166
2869,-3153.4611231589934
2870,-3795.15977457514
2871,-3571.279757273006
2872,-3780.1890743300128
2873,-3181.3610645249128
2874,-3858.445007429543
2875,-3746.1647555910868
2876,-3567.196839024335
2877,-3869.332789425999
2878,-3395.7142725801473
2879,-3259.616997624443
2880,-3123.5197226687383
2881,-3531.811547535852
2882,-3838.030416186187
2883,-3769.981778708335
2884,-3863.888898427771
2885,-3756.3720512127643
2886,-3656.3405541203215
2887,-3737.3184327189656
2888,-3349.4411990952076
2889,-3327.665635102295
2890,-3594.4162940154756
2891,-3656.3405541203215
2892,-3305.890071109382
2893,-3217.426842388174
2894,-3656.3405541203215
2895,-3531.811547535852
2896,-3356.9265492177715
2897,-2545.106304106994
2898,-3510.035983542939
2899,-3742.762323717194
2900,-3038.458925821423
2901,-3191.5683601465903
2902,-3237.84143363153
2903,-3350.802171844765
2904,-3869.332789425999
2905,-3570.5992708982276
2906,-3655.660067745543
2907,-3255.5340793757714
2908,-3917.647322035274
2909,-3416.128863823503
2910,-3917.647322035274
2911,-3742.762323717194
2912,-3718.9453005999458
2913,-2792.803344526376
2914,-3865.9303575521067
2915,-3463.7629100579998
2916,-2388.5944379079338
2917,-3038.458925821423
2918,-3497.787228796926
2919,-3571.279757273006
2920,-3737.998919093744
2921,-3776.78664245612
2922,-3735.957459969409
2923,-3463.7629100579998
2924,-3621.6357490066166
2925,-3237.84143363153
2926,-3191.5683601465903
2927,-3866.610843926885
2928,-3537.25543853408
2929,-2987.4224477130338
2930,-3737.998919093744
2931,-3789.0353972021335
2932,-3499.1482015464826
2933,-3633.8845037526303
2934,-3570.5992708982276
2935,-3637.967422001301
2936,-3603.943103262375
2937,-3327.665635102295
2938,-3349.4411990952076
2939,-3763.1769149605498
2940,-3497.787228796926
2941,-3123.5197226687383
2942,-3537.9359249088584
2943,-3616.1918580083884
2944,-3823.0597159410595
2945,-3763.1769149605498
2946,-3823.0597159410595
2947,-3869.332789425999
2948,-3805.367070196818
2949,-2817.300854018403
2950,-3084.0515129315836
2951,-3420.8922684469526
2952,-3603.943103262375
2953,-3321.541257729288
2954,-2987.4224477130338
2955,-3780.1890743300128
2956,-3327.665635102295
2957,-3531.811547535852
2958,-3501.1896606708183
2959,-3412.7264319496103
2960,-3822.379229566281
2961,-3493.7043105482544
2962,-3177.2781462762414
2963,-3416.128863823503
2964,-3463.7629100579998
2965,-3037.7784394466444
2966,-3361.689953841221
2967,-3723.0282188486167
2968,-3349.4411990952076
2969,-3633.8845037526303
2970,-3237.84143363153
2971,-3570.5992708982276
2972,-3395.7142725801473
2973,-3565.835866274778
2974,-3838.030416186187
2975,-3604.6235896371536
2976,-3372.577735837677
2977,-3548.1432205305364
2978,-3372.577735837677
2979,-3255.5340793757714
2980,-2851.325172757329
2981,-3361.689953841221
2982,-3282.7535343669124
2983,-3825.101175065395
2984,-3463.7629100579998
2985,-3917.647322035274
2986,-3259.616997624443
2987,-3255.5340793757714
2988,-3805.367070196818
2989,-3328.346121477073
2990,-3603.943103262375
2991,-3825.101175065395
2992,-3259.616997624443
2993,-3354.885090093436
2994,-3171.153768903235
2995,-3217.426842388174
2996,-3283.434020741691
2997,-2325.3092050535306
2998,-3772.0232378326705
2999,-2951.3566698497716
3000,-3808.7695020707106
3001,-3497.787228796926
3002,-3742.762323717194
3003,-3056.832057940443
3004,-3565.835866274778
3005,-3742.762323717194
3006,-2919.3738102351813
3007,-3742.762323717194
3008,-3293.641316363369
3009,-3283.434020741691
3010,-3531.811547535852
3011,-3531.811547535852
3012,-3123.5197226687383
3013,-3328.346121477073
3014,-3421.572754821731
3015,-3084.0515129315836
3016,-3056.832057940443
3017,-3795.15977457514
3018,-2184.4485254743768
3019,-3269.143806871342
3020,-3785.632965328241
3021,-3412.7264319496103
3022,-3497.787228796926
3023,-3372.577735837677
3024,-3599.860185013704
3025,-3495.0652832978117
3026,-3305.890071109382
3027,-3779.5085879552344
3028,-3917.647322035274
3029,-3071.122271810792
3030,-3361.689953841221
3031,-3776.78664245612
3032,-3153.4611231589934
3033,-3729.833082596402
3034,-3718.9453005999458
3035,-3537.25543853408
3036,-2494.0698259986048
3037,-3746.1647555910868
3038,-3786.993938077798
3039,-3708.738004978268
3040,-3537.9359249088584
3041,-3742.0818373424154
3042,-2984.700502213919
3043,-3497.787228796926
3044,-3420.8922684469526
3045,-3395.7142725801473
3046,-3504.592092544711
3047,-3786.993938077798
3048,-3531.811547535852
3049,-3422.9337275712883
3050,-3064.317408063007
3051,-3637.286935626523
3052,-3395.7142725801473
3053,-3742.762323717194
3054,-3237.84143363153
3055,-3412.7264319496103
3056,-3779.5085879552344
3057,-3737.3184327189656
3058,-3282.7535343669124
3059,-3789.0353972021335
3060,-3593.735807640697
3061,-3259.616997624443
3062,-3237.84143363153
3063,-3603.943103262375
3064,-3708.738004978268
3065,-3327.665635102295
3066,-3776.78664245612
3067,-3037.7784394466444
3068,-3504.592092544711
3069,-3354.885090093436
3070,-3599.860185013704
3071,-3123.5197226687383
3072,-3429.7385913190733
3073,-3463.7629100579998
3074,-3810.8109611950463
3075,-3742.762323717194
3076,-3742.762323717194
3077,-3395.7142725801473
3078,-3593.735807640697
3079,-3293.641316363369
3080,-3723.0282188486167
3081,-3570.5992708982276
3082,-3463.7629100579998
3083,-3218.7878151377313
3084,-3656.3405541203215
3085,-2987.4224477130338
3086,-3863.888898427771
3087,-3497.787228796926
3088,-3283.434020741691
3089,-3550.1846796548716
3090,-3123.5197226687383
3091,-3429.7385913190733
3092,-3463.7629100579998
3093,-3537.25543853408
3094,-3603.943103262375
3095,-3409.324000075718
3096,-3570.5992708982276
3097,-2840.4373907608724
3098,-3917.647322035274
3099,-3838.030416186187
3100,-3869.332789425999
3101,-3322.2217441040666
3102,-3863.888898427771
3103,-3516.1603609159456
3104,-3742.762323717194
3105,-3655.660067745543
3106,-3722.3477324738383
3107,-3838.030416186187
3108,-3742.762323717194
3109,-3354.885090093436
3110,-3655.660067745543
3111,-3627.7601263796237
3112,-3064.317408063007
3113,-3855.0425755556503
3114,-3443.348318814644
3115,-3463.7629100579998
3116,-3501.1896606708183
3117,-3237.84143363153
3118,-3548.1432205305364
3119,-3499.1482015464826
3120,-3495.0652832978117
3121,-3395.7142725801473
3122,-3501.1896606708183
3123,-3412.7264319496103
3124,-3565.835866274778
3125,-3703.974600354818
3126,-3761.135455836214
3127,-3866.610843926885
3128,-3865.9303575521067
3129,-3181.3610645249128
3130,-3779.5085879552344
3131,-3104.4661041749396
3132,-3656.3405541203215
3133,-3570.5992708982276
3134,-3655.660067745543
3135,-3531.811547535852
3136,-3321.541257729288
3137,-3354.885090093436
3138,-3723.0282188486167
3139,-3876.137653173784
3140,-3570.5992708982276
3141,-3537.25543853408
3142,-3801.9646383229256
3143,-3260.297483999221
3144,-3361.689953841221
3145,-3616.1918580083884
3146,-3865.9303575521067
3147,-3701.9331412304828
3148,-3422.9337275712883
3149,-3746.1647555910868
3150,-3291.5998572390336
3151,-3742.0818373424154
3152,-3615.51137163361
3153,-3531.811547535852
3154,-3718.9453005999458
3155,-3382.785031459355
3156,-3504.592092544711
3157,-3863.888898427771
3158,-3917.647322035274
3159,-3810.8109611950463
3160,-3537.25543853408
3161,-2951.3566698497716
3162,-3382.785031459355
3163,-2951.3566698497716
3164,-3869.332789425999
3165,-3795.15977457514
3166,-3443.348318814644
3167,-3361.689953841221
3168,-3191.5683601465903
3169,-3655.660067745543
3170,-3769.981778708335
3171,-3501.1896606708183
3172,-3918.327808410053
3173,-3420.8922684469526
3174,-2654.664610446336
3175,-3808.7695020707106
3176,-3780.1890743300128
3177,-3531.811547535852
3178,-3616.1918580083884
3179,-3412.7264319496103
3180,-3037.7784394466444
3181,-3737.3184327189656
3182,-3499.1482015464826
3183,-3497.787228796926
3184,-3403.199622702711
3185,-3361.689953841221
3186,-3516.1603609159456
3187,-3153.4611231589934
3188,-3463.7629100579998
3189,-2174.241229852699
3190,-2919.3738102351813
3191,-3637.286935626523
3192,-3412.7264319496103
3193,-3463.7629100579998
3194,-3463.7629100579998
3195,-3123.5197226687383
3196,-3153.4611231589934
3197,-3371.2167630881204
3198,-3493.7043105482544
3199,-3413.4069183243887
3200,-3123.5197226687383
3201,-3395.7142725801473
3202,-3495.0652832978117
3203,-3259.616997624443
3204,-3746.1647555910868
3205,-3056.832057940443
3206,-3350.802171844765
3207,-3863.888898427771
3208,-3789.0353972021335
3209,-3779.5085879552344
3210,-3255.5340793757714
3211,-3283.434020741691
3212,-2937.7469423542016
3213,-3439.265400565973
3214,-3090.856376679369
3215,-3090.856376679369
3216,-3413.4069183243887
3217,-2409.0090291512893
3218,-3737.3184327189656
3219,-3501.1896606708183
3220,-3056.832057940443
3221,-3056.832057940443
3222,-3295.0022891129256
3223,-3123.5197226687383
3224,-3814.893879443717
3225,-3321.541257729288
3226,-3255.5340793757714
3227,-3531.811547535852
3228,-3189.5269010222546
3229,-2325.3092050535306
3230,-3255.5340793757714
3231,-3354.885090093436
3232,-3356.9265492177715
3233,-3420.8922684469526
3234,-3189.5269010222546
3235,-2511.0819853680678
3236,-3104.4661041749396
3237,-3531.811547535852
3238,-2867.6568457520134
3239,-3255.5340793757714
3240,-3772.0232378326705
3241,-3128.963613666966
3242,-3322.2217441040666
3243,-3412.7264319496103
3244,-3570.5992708982276
3245,-2647.1792603237723
3246,-3550.1846796548716
3247,-3735.957459969409
3248,-3259.616997624443
3249,-3567.196839024335
3250,-3656.3405541203215
3251,-3565.835866274778
3252,-3037.7784394466444
3253,-3321.541257729288
3254,-3255.5340793757714
3255,-2705.701088554725
3256,-3603.943103262375
3257,-3822.379229566281
3258,-3463.7629100579998
3259,-3322.2217441040666
3260,-3789.0353972021335
3261,-3327.665635102295
3262,-3412.7264319496103
3263,-3603.943103262375
3264,-3354.885090093436
3265,-3321.541257729288
3266,-2589.337918467598
3267,-3637.286935626523
3268,-3637.967422001301
3269,-3735.957459969409
3270,-2489.9869077499334
3271,-3823.0597159410595
3272,-3361.689953841221
3273,-3504.592092544711
3274,-3361.689953841221
3275,-2758.77902578745
3276,-3123.5197226687383
3277,-3805.367070196818
3278,-3420.8922684469526
3279,-3321.541257729288
3280,-3324.943689603181
3281,-3918.327808410053
3282,-2522.6502537393026
3283,-3497.787228796926
3284,-3594.4162940154756
3285,-3157.5440414076643
3286,-3324.943689603181
3287,-3255.5340793757714
3288,-3055.471085190886
3289,-3464.443396432778
3290,-3413.4069183243887
3291,-3531.811547535852
3292,-3459.6799918093284
3293,-3257.575538500107
3294,-3594.4162940154756
3295,-2545.106304106994
3296,-3295.6827754877045
3297,-3527.7286292871804
3298,-3056.832057940443
3299,-3153.4611231589934
3300,-3737.3184327189656
3301,-3413.4069183243887
3302,-3189.5269010222546
3303,-3225.5926788855168
3304,-2984.700502213919
3305,-3321.541257729288
3306,-3917.647322035274
3307,-2919.3738102351813
3308,-2758.77902578745
3309,-3189.5269010222546
3310,-3603.943103262375
3311,-3356.9265492177715
3312,-3493.7043105482544
3313,-3779.5085879552344
3314,-3637.286935626523
3315,-3497.787228796926
3316,-3497.787228796926
3317,-3708.738004978268
3318,-3825.7816614401736
3319,-3189.5269010222546
3320,-3355.565576468214
3321,-3181.3610645249128
3322,-3708.738004978268
3323,-3463.7629100579998
3324,-3737.3184327189656
3325,-3421.572754821731
3326,-3327.665635102295
3327,-2958.1615335975566
3328,-3463.7629100579998
3329,-2758.77902578745
3330,-3746.1647555910868
3331,-3863.888898427771
3332,-3321.541257729288
3333,-3463.7629100579998
3334,-3321.541257729288
3335,-2820.022799517517
3336,-2758.77902578745
3337,-3395.7142725801473
3338,-3603.943103262375
3339,-3637.286935626523
3340,-3746.1647555910868
3341,-3123.5197226687383
3342,-3493.7043105482544
3343,-3917.647322035274
3344,-3255.5340793757714
3345,-3050.707680567436
3346,-3225.5926788855168
3347,-3493.7043105482544
3348,-2984.700502213919
3349,-3256.2145657505503
3350,-3396.3947589549257
3351,-3189.5269010222546
3352,-3633.8845037526303
3353,-3454.2361008111
3354,-3291.5998572390336
3355,-3495.0652832978117
3356,-3295.6827754877045
3357,-3723.0282188486167
3358,-2654.664610446336
3359,-3527.048142912402
3360,-3123.5197226687383
3361,-3056.832057940443
3362,-3746.1647555910868
3363,-2579.13062284592
3364,-3191.5683601465903
3365,-3633.8845037526303
3366,-3527.048142912402
3367,-3128.963613666966
3368,-3356.9265492177715
3369,-3123.5197226687383
3370,-2990.824879586926
3371,-3865.9303575521067
3372,-3181.3610645249128
3373,-3420.8922684469526
3374,-3463.7629100579998
3375,-2984.700502213919
3376,-2924.1372148586306
3377,-3354.885090093436
3378,-2987.4224477130338
3379,-3056.832057940443
3380,-3395.7142725801473
3381,-3153.4611231589934
3382,-3627.7601263796237
3383,-3259.616997624443
3384,-2858.1300365051143
3385,-3321.541257729288
3386,-3603.943103262375
3387,-3356.9265492177715
3388,-3396.3947589549257
3389,-3324.943689603181
3390,-3537.25543853408
3391,-3225.5926788855168
3392,-3637.286935626523
3393,-3412.7264319496103
3394,-2867.6568457520134
3395,-3464.443396432778
3396,-3354.885090093436
3397,-3412.7264319496103
3398,-3865.9303575521067
3399,-3356.9265492177715
3400,-3181.3610645249128
3401,-3356.9265492177715
3402,-3255.5340793757714
3403,-3603.943103262375
3404,-3655.660067745543
3405,-3776.78664245612
3406,-3527.048142912402
3407,-3217.426842388174
3408,-3293.641316363369
3409,-3789.0353972021335
3410,-3321.541257729288
3411,-3746.1647555910868
3412,-2984.700502213919
3413,-3327.665635102295
3414,-3789.0353972021335
3415,-3570.5992708982276
3416,-3050.707680567436
3417,-3322.2217441040666
3418,-3550.1846796548716
3419,-2990.824879586926
3420,-2987.4224477130338
3421,-3255.5340793757714
3422,-2184.4485254743768
3423,-3420.8922684469526
3424,-3361.689953841221
3425,-3055.471085190886
3426,-2423.9797293964166
3427,-3742.762323717194
3428,-3255.5340793757714
3429,-3190.207387397033
3430,-3718.9453005999458
3431,-3616.1918580083884
3432,-3637.286935626523
3433,-3159.585500532
3434,-3599.860185013704
3435,-3116.714858920953
3436,-3603.943103262375
3437,-2792.803344526376
3438,-2858.1300365051143
3439,-3050.707680567436
3440,-2924.1372148586306
3441,-3218.7878151377313
3442,-3189.5269010222546
3443,-3495.0652832978117
3444,-3527.048142912402
3445,-3259.616997624443
3446,-3565.835866274778
3447,-3421.572754821731
3448,-3737.3184327189656
3449,-3257.575538500107
3450,-3604.6235896371536
3451,-2990.824879586926
3452,-3189.5269010222546
3453,-3189.5269010222546
3454,-3718.9453005999458
3455,-3786.993938077798
3456,-3550.1846796548716
3457,-3603.943103262375
3458,-3594.4162940154756
3459,-2924.1372148586306
3460,-3291.5998572390336
3461,-3291.5998572390336
3462,-3159.585500532
3463,-2325.3092050535306
3464,-3548.1432205305364
3465,-3189.5269010222546
3466,-2687.3279564357053
3467,-2838.395931636537
3468,-3603.943103262375
3469,-3189.5269010222546
3470,-3181.3610645249128
3471,-3804.006097447261
3472,-3327.665635102295
3473,-3637.967422001301
3474,-3476.6921511787914
3475,-3153.4611231589934
3476,-3493.7043105482544
3477,-3443.348318814644
3478,-3463.7629100579998
3479,-3863.888898427771
3480,-3084.0515129315836
3481,-2792.803344526376
3482,-2732.2400571710878
3483,-3356.9265492177715
3484,-3321.541257729288
3485,-2621.3207780821886
3486,-3191.5683601465903
3487,-3356.9265492177715
3488,-3181.3610645249128
3489,-3459.6799918093284
3490,-2820.022799517517
3491,-2924.1372148586306
3492,-2259.302026700014
3493,-3321.541257729288
3494,-3056.832057940443
3495,-2325.3092050535306
3496,-3420.8922684469526
3497,-3637.967422001301
3498,-3527.048142912402
3499,-2647.1792603237723
3500,-3189.5269010222546
3501,-2193.975334721276
3502,-3024.168711951074
3503,-3497.787228796926
3504,-3917.647322035274
3505,-3191.5683601465903
3506,-2327.3506641778663
3507,-2423.9797293964166
3508,-3321.541257729288
3509,-3361.689953841221
3510,-3128.963613666966
3511,-3604.6235896371536
3512,-3570.5992708982276
3513,-3421.572754821731
3514,-2820.022799517517
3515,-3382.785031459355
3516,-2838.395931636537
3517,-3722.3477324738383
3518,-3454.2361008111
3519,-3356.9265492177715
3520,-3037.7784394466444
3521,-3256.2145657505503
3522,-3327.665635102295
3523,-3322.2217441040666
3524,-3356.9265492177715
3525,-2732.2400571710878
3526,-3537.9359249088584
3527,-2858.1300365051143
3528,-3356.9265492177715
3529,-3510.035983542939
3530,-3321.541257729288
3531,-3255.5340793757714
3532,-3463.7629100579998
3533,-3153.4611231589934
3534,-3356.9265492177715
3535,-3295.0022891129256
3536,-3291.5998572390336
3537,-3257.575538500107
3538,-3191.5683601465903
3539,-3627.7601263796237
3540,-3616.1918580083884
3541,-3561.072461651328
3542,-3463.7629100579998
3543,-3024.168711951074
3544,-3680.15757723757
3545,-3171.153768903235
3546,-3191.5683601465903
3547,-3050.707680567436
3548,-3291.5998572390336
3549,-2687.3279564357053
3550,-3217.426842388174
3551,-3390.9508679566975
3552,-3565.835866274778
3553,-2443.0333478902157
3554,-3327.665635102295
3555,-3321.541257729288
3556,-3255.5340793757714
3557,-3191.5683601465903
3558,-2792.803344526376
3559,-3463.7629100579998
3560,-3570.5992708982276
3561,-3420.8922684469526
3562,-3789.0353972021335
3563,-3355.565576468214
3564,-3510.035983542939
3565,-3255.5340793757714
3566,-2589.337918467598
3567,-2892.1543552440403
3568,-3637.286935626523
3569,-3493.7043105482544
3570,-3295.0022891129256
3571,-3171.153768903235
3572,-2588.6574320928194
3573,-3603.943103262375
3574,-2867.6568457520134
3575,-3772.0232378326705
3576,-3420.8922684469526
3577,-3464.443396432778
3578,-3259.616997624443
3579,-3493.7043105482544
3580,-3510.035983542939
3581,-3128.963613666966
3582,-3171.153768903235
3583,-3191.5683601465903
3584,-3527.7286292871804
3585,-3637.286935626523
3586,-3256.2145657505503
3587,-3356.9265492177715
3588,-3570.5992708982276
3589,-3159.585500532
3590,-3476.6921511787914
3591,-3548.1432205305364
3592,-3295.6827754877045
3593,-3866.610843926885
3594,-3181.3610645249128
3595,-3217.426842388174
3596,-3537.9359249088584
3597,-3548.1432205305364
3598,-3321.541257729288
3599,-2588.6574320928194
3600,-3570.5992708982276
3601,-3189.5269010222546
3602,-3396.3947589549257
3603,-3476.6921511787914
3604,-3463.7629100579998
3605,-3190.207387397033
3606,-3116.714858920953
3607,-2458.0040481353426
3608,-3416.128863823503
3609,-3257.575538500107
3610,-2820.022799517517
3611,-3050.707680567436
3612,-3056.832057940443
3613,-3189.5269010222546
3614,-3354.885090093436
3615,-3567.196839024335
3616,-3056.832057940443
3617,-3416.128863823503
3618,-3917.647322035274
3619,-3257.575538500107
3620,-3128.963613666966
3621,-3567.196839024335
3622,-3356.9265492177715
3623,-3420.8922684469526
3624,-3090.856376679369
3625,-3495.0652832978117
3626,-3463.7629100579998
3627,-2792.803344526376
3628,-3295.0022891129256
3629,-2187.170470973491
3630,-3421.572754821731
3631,-3255.5340793757714
3632,-3422.9337275712883
3633,-3421.572754821731
3634,-3050.707680567436
3635,-2817.300854018403
3636,-3189.5269010222546
3637,-3356.9265492177715
3638,-3259.616997624443
3639,-3637.286935626523
3640,-3412.7264319496103
3641,-3189.5269010222546
3642,-3604.6235896371536
3643,-3421.572754821731
3644,-3191.5683601465903
3645,-3464.443396432778
3646,-3349.4411990952076
3647,-3321.541257729288
3648,-3390.9508679566975
3649,-3321.541257729288
3650,-3189.5269010222546
3651,-3789.0353972021335
3652,-3527.048142912402
3653,-2579.13062284592
3654,-2327.3506641778663
3655,-3603.943103262375
3656,-3295.0022891129256
3657,-3497.787228796926
3658,-3324.943689603181
3659,-2924.1372148586306
3660,-3537.25543853408
3661,-3355.565576468214
3662,-2918.693323860403
3663,-2851.325172757329
3664,-3594.4162940154756
3665,-3561.072461651328
3666,-3189.5269010222546
3667,-3776.78664245612
3668,-2918.693323860403
3669,-3570.5992708982276
3670,-3349.4411990952076
3671,-3527.048142912402
3672,-3189.5269010222546
3673,-3412.7264319496103
3674,-3420.8922684469526
3675,-3159.585500532
3676,-3189.5269010222546
3677,-3823.0597159410595
3678,-3295.6827754877045
3679,-3593.735807640697
3680,-3090.856376679369
3681,-2858.1300365051143
3682,-3537.9359249088584
3683,-3493.7043105482544
3684,-3257.575538500107
3685,-3327.665635102295
3686,-2654.664610446336
3687,-3255.5340793757714
3688,-2858.1300365051143
3689,-3527.048142912402
3690,-3356.9265492177715
3691,-3603.943103262375
3692,-2555.3135997286718
3693,-3128.963613666966
3694,-3570.5992708982276
3695,-3476.6921511787914
3696,-3257.575538500107
3697,-3295.6827754877045
3698,-3786.993938077798
3699,-3599.860185013704
3700,-3181.3610645249128
3701,-3255.5340793757714
3702,-3324.943689603181
3703,-2990.824879586926
3704,-3531.811547535852
3705,-2987.4224477130338
3706,-3550.1846796548716
3707,-3395.7142725801473
3708,-2732.2400571710878
3709,-3259.616997624443
3710,-3350.121685469986
3711,-3603.943103262375
3712,-3825.7816614401736
3713,-2924.1372148586306
3714,-3493.7043105482544
3715,-3390.9508679566975
3716,-2838.395931636537
3717,-3056.832057940443
3718,-3823.0597159410595
3719,-3413.4069183243887
3720,-2820.022799517517
3721,-3413.4069183243887
3722,-3765.218374084885
3723,-3637.286935626523
3724,-3656.3405541203215
3725,-2489.9869077499334
3726,-3548.1432205305364
3727,-2751.9741620396644
3728,-3576.723648271234
3729,-2858.1300365051143
3730,-3421.572754821731
3731,-3218.7878151377313
3732,-3567.196839024335
3733,-3321.541257729288
3734,-3567.196839024335
3735,-3476.6921511787914
3736,-3593.735807640697
3737,-3327.665635102295
3738,-3050.707680567436
3739,-2525.372199238416
3740,-3157.5440414076643
3741,-3737.3184327189656
3742,-3421.572754821731
3743,-3257.575538500107
3744,-3128.963613666966
3745,-3372.577735837677
3746,-2858.1300365051143
3747,-2838.395931636537
3748,-2654.664610446336
3749,-3255.5340793757714
3750,-3527.7286292871804
3751,-3255.5340793757714
3752,-3789.0353972021335
3753,-3497.787228796926
3754,-3537.25543853408
3755,-3128.963613666966
3756,-3354.885090093436
3757,-3255.5340793757714
3758,-3321.541257729288
3759,-2523.330740114081
3760,-3361.689953841221
3761,-3321.541257729288
3762,-2177.6436617265913
3763,-2958.1615335975566
3764,-3422.9337275712883
3765,-3295.6827754877045
3766,-3531.811547535852
3767,-3789.0353972021335
3768,-3259.616997624443
3769,-3255.5340793757714
3770,-2987.4224477130338
3771,-3116.714858920953
3772,-3616.1918580083884
3773,-2522.6502537393026
3774,-2990.824879586926
3775,-3189.5269010222546
3776,-3493.7043105482544
3777,-3159.585500532
3778,-3256.2145657505503
3779,-3055.471085190886
3780,-3537.9359249088584
3781,-3295.0022891129256
3782,-3656.3405541203215
3783,-3128.963613666966
3784,-3084.0515129315836
3785,-3501.1896606708183
3786,-3722.3477324738383
3787,-2820.022799517517
3788,-3259.616997624443
3789,-3255.5340793757714
3790,-3191.5683601465903
3791,-3722.3477324738383
3792,-2792.803344526376
3793,-3863.888898427771
3794,-3603.943103262375
3795,-3322.2217441040666
3796,-3128.963613666966
3797,-3189.5269010222546
3798,-3055.471085190886
3799,-3814.893879443717
3800,-2984.700502213919
3801,-3464.443396432778
3802,-3501.1896606708183
3803,-2792.803344526376
3804,-2489.306421375155
3805,-3567.196839024335
3806,-3501.1896606708183
3807,-3050.707680567436
3808,-3463.7629100579998
3809,-3497.787228796926
3810,-3703.974600354818
3811,-3356.9265492177715
3812,-3604.6235896371536
3813,-3567.196839024335
3814,-3413.4069183243887
3815,-3531.811547535852
3816,-2817.300854018403
3817,-3128.963613666966
3818,-3050.707680567436
